census_year,occode,foreman_n,foreman_pct
1851,177,7300,28.987809236389626
1851,761,2178,8.64869157765159
1851,555,1083,4.300520192193146
1851,572,819,3.2521939403565896
1851,724,535,2.12444903307787
1851,120,471,1.8703093356629472
1851,374,444,1.7630941508160267
1851,173,434,1.723384823094945
1851,12,416,1.651908033196998
1851,551,380,1.508954453401104
1851,606,369,1.465274192907914
1851,6,310,1.230989159353532
1851,608,300,1.1912798316324504
1851,11,282,1.1198030417345035
1851,788,243,0.9649366636222849
1851,562,239,0.9490529325338523
1851,91,238,0.945081999761744
1851,549,216,0.8577214787753643
1851,579,200,0.7941865544216337
1851,580,200,0.7941865544216337
1851,560,195,0.7743318905610928
1851,723,192,0.7624190922447683
1851,607,190,0.754477226700552
1851,125,187,0.7425644283842274
1851,654,186,0.7385934956121193
1851,653,177,0.7028551006631458
1851,166,144,0.5718143191835762
1851,571,144,0.5718143191835762
1851,181,143,0.567843386411468
1851,13,142,0.5638724536393599
1851,409,133,0.5281340586903863
1851,329,105,0.4169479410713577
1851,405,105,0.4169479410713577
1851,791,103,0.4090060755271413
1851,202,100,0.39709327721081683
1851,464,93,0.36929674780605964
1851,14,87,0.34547115117341065
1851,241,86,0.34150021840130246
1851,691,86,0.34150021840130246
1851,709,84,0.3335583528570861
1851,459,81,0.3216455545407616
1851,625,79,0.31370368899654527
1851,568,78,0.30973275622443713
1851,697,78,0.30973275622443713
1851,565,77,0.30576182345232894
1851,5,76,0.3017908906802208
1851,334,74,0.29384902513600447
1851,467,74,0.29384902513600447
1851,537,71,0.28193622681967995
1851,548,70,0.27796529404757175
1851,348,67,0.2660524957312473
1851,461,65,0.25811063018703095
1851,686,60,0.2382559663264901
1851,770,60,0.2382559663264901
1851,682,59,0.23428503355438193
1851,519,57,0.22634316801016557
1851,558,56,0.2223722352380574
1851,242,55,0.21840130246594924
1851,167,54,0.21443036969384108
1851,259,52,0.20648850414962475
1851,663,51,0.20251757137751658
1851,583,49,0.19457570583330025
1851,272,48,0.19060477306119208
1851,235,46,0.18266290751697573
1851,168,45,0.17869197474486756
1851,123,44,0.1747210419727594
1851,35,43,0.17075010920065123
1851,566,43,0.17075010920065123
1851,762,42,0.16677917642854306
1851,121,41,0.1628082436564349
1851,643,40,0.15883731088432673
1851,666,39,0.15486637811221857
1851,27,38,0.1508954453401104
1851,429,38,0.1508954453401104
1851,651,38,0.1508954453401104
1851,9,38,0.1508954453401104
1851,480,36,0.14295357979589404
1851,131,35,0.13898264702378588
1851,552,35,0.13898264702378588
1851,622,35,0.13898264702378588
1851,713,35,0.13898264702378588
1851,687,34,0.1350117142516777
1851,711,34,0.1350117142516777
1851,421,33,0.13104078147956955
1851,722,33,0.13104078147956955
1851,118,32,0.12706984870746138
1851,183,32,0.12706984870746138
1851,185,32,0.12706984870746138
1851,759,32,0.12706984870746138
1851,475,31,0.12309891593535321
1851,750,30,0.11912798316324505
1851,758,30,0.11912798316324505
1851,262,29,0.11515705039113688
1851,453,29,0.11515705039113688
1851,655,29,0.11515705039113688
1851,286,28,0.1111861176190287
1851,412,28,0.1111861176190287
1851,457,28,0.1111861176190287
1851,536,28,0.1111861176190287
1851,628,28,0.1111861176190287
1851,766,28,0.1111861176190287
1851,79,28,0.1111861176190287
1851,133,27,0.10721518484692054
1851,165,27,0.10721518484692054
1851,436,27,0.10721518484692054
1851,40,26,0.10324425207481237
1851,414,26,0.10324425207481237
1851,506,26,0.10324425207481237
1851,119,25,0.09927331930270421
1851,283,25,0.09927331930270421
1851,542,25,0.09927331930270421
1851,593,24,0.09530238653059604
1851,772,24,0.09530238653059604
1851,87,24,0.09530238653059604
1851,470,23,0.09133145375848786
1851,485,23,0.09133145375848786
1851,780,23,0.09133145375848786
1851,229,22,0.0873605209863797
1851,359,22,0.0873605209863797
1851,776,22,0.0873605209863797
1851,84,22,0.0873605209863797
1851,2,21,0.08338958821427153
1851,574,21,0.08338958821427153
1851,248,20,0.07941865544216337
1851,381,20,0.07941865544216337
1851,428,20,0.07941865544216337
1851,773,20,0.07941865544216337
1851,127,19,0.0754477226700552
1851,134,19,0.0754477226700552
1851,163,19,0.0754477226700552
1851,214,19,0.0754477226700552
1851,365,19,0.0754477226700552
1851,425,19,0.0754477226700552
1851,507,19,0.0754477226700552
1851,111,18,0.07147678989794702
1851,292,18,0.07147678989794702
1851,462,18,0.07147678989794702
1851,484,18,0.07147678989794702
1851,685,18,0.07147678989794702
1851,117,17,0.06750585712583886
1851,294,17,0.06750585712583886
1851,616,17,0.06750585712583886
1851,141,16,0.06353492435373069
1851,216,16,0.06353492435373069
1851,269,16,0.06353492435373069
1851,28,16,0.06353492435373069
1851,333,16,0.06353492435373069
1851,482,16,0.06353492435373069
1851,550,16,0.06353492435373069
1851,106,15,0.059563991581622525
1851,253,15,0.059563991581622525
1851,509,15,0.059563991581622525
1851,516,15,0.059563991581622525
1851,529,15,0.059563991581622525
1851,613,15,0.059563991581622525
1851,708,15,0.059563991581622525
1851,710,15,0.059563991581622525
1851,128,14,0.05559305880951435
1851,170,14,0.05559305880951435
1851,557,14,0.05559305880951435
1851,677,14,0.05559305880951435
1851,765,14,0.05559305880951435
1851,102,13,0.05162212603740619
1851,198,13,0.05162212603740619
1851,260,13,0.05162212603740619
1851,33,13,0.05162212603740619
1851,596,13,0.05162212603740619
1851,692,13,0.05162212603740619
1851,693,13,0.05162212603740619
1851,712,13,0.05162212603740619
1851,787,13,0.05162212603740619
1851,93,13,0.05162212603740619
1851,116,12,0.04765119326529802
1851,196,12,0.04765119326529802
1851,244,12,0.04765119326529802
1851,247,12,0.04765119326529802
1851,432,12,0.04765119326529802
1851,434,12,0.04765119326529802
1851,437,12,0.04765119326529802
1851,452,12,0.04765119326529802
1851,520,12,0.04765119326529802
1851,768,12,0.04765119326529802
1851,796,12,0.04765119326529802
1851,108,11,0.04368026049318985
1851,132,11,0.04368026049318985
1851,139,11,0.04368026049318985
1851,254,11,0.04368026049318985
1851,275,11,0.04368026049318985
1851,443,11,0.04368026049318985
1851,481,11,0.04368026049318985
1851,486,11,0.04368026049318985
1851,55,11,0.04368026049318985
1851,584,11,0.04368026049318985
1851,61,11,0.04368026049318985
1851,631,11,0.04368026049318985
1851,142,10,0.03970932772108168
1851,162,10,0.03970932772108168
1851,205,10,0.03970932772108168
1851,224,10,0.03970932772108168
1851,246,10,0.03970932772108168
1851,290,10,0.03970932772108168
1851,293,10,0.03970932772108168
1851,302,10,0.03970932772108168
1851,37,10,0.03970932772108168
1851,39,10,0.03970932772108168
1851,4,10,0.03970932772108168
1851,476,10,0.03970932772108168
1851,52,10,0.03970932772108168
1851,559,10,0.03970932772108168
1851,576,10,0.03970932772108168
1851,578,10,0.03970932772108168
1851,619,10,0.03970932772108168
1851,640,10,0.03970932772108168
1851,8,10,0.03970932772108168
1851,100,9,0.03573839494897351
1851,113,9,0.03573839494897351
1851,124,9,0.03573839494897351
1851,135,9,0.03573839494897351
1851,137,9,0.03573839494897351
1851,204,9,0.03573839494897351
1851,274,9,0.03573839494897351
1851,281,9,0.03573839494897351
1851,369,9,0.03573839494897351
1851,408,9,0.03573839494897351
1851,438,9,0.03573839494897351
1851,440,9,0.03573839494897351
1851,465,9,0.03573839494897351
1851,479,9,0.03573839494897351
1851,487,9,0.03573839494897351
1851,65,9,0.03573839494897351
1851,714,9,0.03573839494897351
1851,751,9,0.03573839494897351
1851,777,9,0.03573839494897351
1851,115,8,0.031767462176865345
1851,145,8,0.031767462176865345
1851,15,8,0.031767462176865345
1851,473,8,0.031767462176865345
1851,474,8,0.031767462176865345
1851,477,8,0.031767462176865345
1851,498,8,0.031767462176865345
1851,510,8,0.031767462176865345
1851,528,8,0.031767462176865345
1851,577,8,0.031767462176865345
1851,617,8,0.031767462176865345
1851,626,8,0.031767462176865345
1851,630,8,0.031767462176865345
1851,679,8,0.031767462176865345
1851,680,8,0.031767462176865345
1851,88,8,0.031767462176865345
1851,101,7,0.027796529404757176
1851,105,7,0.027796529404757176
1851,184,7,0.027796529404757176
1851,219,7,0.027796529404757176
1851,258,7,0.027796529404757176
1851,263,7,0.027796529404757176
1851,301,7,0.027796529404757176
1851,386,7,0.027796529404757176
1851,42,7,0.027796529404757176
1851,468,7,0.027796529404757176
1851,469,7,0.027796529404757176
1851,512,7,0.027796529404757176
1851,561,7,0.027796529404757176
1851,564,7,0.027796529404757176
1851,587,7,0.027796529404757176
1851,591,7,0.027796529404757176
1851,599,7,0.027796529404757176
1851,611,7,0.027796529404757176
1851,614,7,0.027796529404757176
1851,627,7,0.027796529404757176
1851,662,7,0.027796529404757176
1851,715,7,0.027796529404757176
1851,78,7,0.027796529404757176
1851,797,7,0.027796529404757176
1851,89,7,0.027796529404757176
1851,103,6,0.02382559663264901
1851,112,6,0.02382559663264901
1851,169,6,0.02382559663264901
1851,182,6,0.02382559663264901
1851,188,6,0.02382559663264901
1851,201,6,0.02382559663264901
1851,22,6,0.02382559663264901
1851,279,6,0.02382559663264901
1851,289,6,0.02382559663264901
1851,349,6,0.02382559663264901
1851,426,6,0.02382559663264901
1851,455,6,0.02382559663264901
1851,511,6,0.02382559663264901
1851,522,6,0.02382559663264901
1851,533,6,0.02382559663264901
1851,569,6,0.02382559663264901
1851,612,6,0.02382559663264901
1851,638,6,0.02382559663264901
1851,661,6,0.02382559663264901
1851,702,6,0.02382559663264901
1851,704,6,0.02382559663264901
1851,706,6,0.02382559663264901
1851,707,6,0.02382559663264901
1851,81,6,0.02382559663264901
1851,999,6,0.02382559663264901
1851,138,5,0.01985466386054084
1851,221,5,0.01985466386054084
1851,226,5,0.01985466386054084
1851,255,5,0.01985466386054084
1851,295,5,0.01985466386054084
1851,307,5,0.01985466386054084
1851,352,5,0.01985466386054084
1851,36,5,0.01985466386054084
1851,366,5,0.01985466386054084
1851,393,5,0.01985466386054084
1851,415,5,0.01985466386054084
1851,463,5,0.01985466386054084
1851,478,5,0.01985466386054084
1851,53,5,0.01985466386054084
1851,54,5,0.01985466386054084
1851,543,5,0.01985466386054084
1851,592,5,0.01985466386054084
1851,610,5,0.01985466386054084
1851,620,5,0.01985466386054084
1851,632,5,0.01985466386054084
1851,634,5,0.01985466386054084
1851,650,5,0.01985466386054084
1851,658,5,0.01985466386054084
1851,771,5,0.01985466386054084
1851,782,5,0.01985466386054084
1851,94,5,0.01985466386054084
1851,114,4,0.015883731088432673
1851,136,4,0.015883731088432673
1851,151,4,0.015883731088432673
1851,178,4,0.015883731088432673
1851,179,4,0.015883731088432673
1851,180,4,0.015883731088432673
1851,206,4,0.015883731088432673
1851,230,4,0.015883731088432673
1851,261,4,0.015883731088432673
1851,267,4,0.015883731088432673
1851,32,4,0.015883731088432673
1851,363,4,0.015883731088432673
1851,370,4,0.015883731088432673
1851,376,4,0.015883731088432673
1851,382,4,0.015883731088432673
1851,387,4,0.015883731088432673
1851,407,4,0.015883731088432673
1851,417,4,0.015883731088432673
1851,451,4,0.015883731088432673
1851,46,4,0.015883731088432673
1851,518,4,0.015883731088432673
1851,525,4,0.015883731088432673
1851,531,4,0.015883731088432673
1851,546,4,0.015883731088432673
1851,623,4,0.015883731088432673
1851,649,4,0.015883731088432673
1851,66,4,0.015883731088432673
1851,684,4,0.015883731088432673
1851,699,4,0.015883731088432673
1851,725,4,0.015883731088432673
1851,727,4,0.015883731088432673
1851,774,4,0.015883731088432673
1851,795,4,0.015883731088432673
1851,90,4,0.015883731088432673
1851,10,3,0.011912798316324505
1851,109,3,0.011912798316324505
1851,159,3,0.011912798316324505
1851,186,3,0.011912798316324505
1851,19,3,0.011912798316324505
1851,203,3,0.011912798316324505
1851,208,3,0.011912798316324505
1851,211,3,0.011912798316324505
1851,220,3,0.011912798316324505
1851,25,3,0.011912798316324505
1851,268,3,0.011912798316324505
1851,271,3,0.011912798316324505
1851,297,3,0.011912798316324505
1851,298,3,0.011912798316324505
1851,313,3,0.011912798316324505
1851,316,3,0.011912798316324505
1851,319,3,0.011912798316324505
1851,354,3,0.011912798316324505
1851,355,3,0.011912798316324505
1851,379,3,0.011912798316324505
1851,400,3,0.011912798316324505
1851,41,3,0.011912798316324505
1851,433,3,0.011912798316324505
1851,444,3,0.011912798316324505
1851,488,3,0.011912798316324505
1851,489,3,0.011912798316324505
1851,526,3,0.011912798316324505
1851,547,3,0.011912798316324505
1851,595,3,0.011912798316324505
1851,597,3,0.011912798316324505
1851,64,3,0.011912798316324505
1851,646,3,0.011912798316324505
1851,657,3,0.011912798316324505
1851,671,3,0.011912798316324505
1851,696,3,0.011912798316324505
1851,698,3,0.011912798316324505
1851,731,3,0.011912798316324505
1851,756,3,0.011912798316324505
1851,764,3,0.011912798316324505
1851,769,3,0.011912798316324505
1851,775,3,0.011912798316324505
1851,778,3,0.011912798316324505
1851,97,3,0.011912798316324505
1851,99,3,0.011912798316324505
1851,1,2,0.007941865544216336
1851,107,2,0.007941865544216336
1851,122,2,0.007941865544216336
1851,129,2,0.007941865544216336
1851,161,2,0.007941865544216336
1851,190,2,0.007941865544216336
1851,193,2,0.007941865544216336
1851,200,2,0.007941865544216336
1851,207,2,0.007941865544216336
1851,210,2,0.007941865544216336
1851,249,2,0.007941865544216336
1851,257,2,0.007941865544216336
1851,265,2,0.007941865544216336
1851,270,2,0.007941865544216336
1851,299,2,0.007941865544216336
1851,309,2,0.007941865544216336
1851,315,2,0.007941865544216336
1851,317,2,0.007941865544216336
1851,339,2,0.007941865544216336
1851,356,2,0.007941865544216336
1851,358,2,0.007941865544216336
1851,367,2,0.007941865544216336
1851,389,2,0.007941865544216336
1851,397,2,0.007941865544216336
1851,411,2,0.007941865544216336
1851,416,2,0.007941865544216336
1851,418,2,0.007941865544216336
1851,422,2,0.007941865544216336
1851,427,2,0.007941865544216336
1851,435,2,0.007941865544216336
1851,439,2,0.007941865544216336
1851,448,2,0.007941865544216336
1851,456,2,0.007941865544216336
1851,458,2,0.007941865544216336
1851,494,2,0.007941865544216336
1851,497,2,0.007941865544216336
1851,50,2,0.007941865544216336
1851,515,2,0.007941865544216336
1851,545,2,0.007941865544216336
1851,556,2,0.007941865544216336
1851,588,2,0.007941865544216336
1851,601,2,0.007941865544216336
1851,605,2,0.007941865544216336
1851,618,2,0.007941865544216336
1851,624,2,0.007941865544216336
1851,63,2,0.007941865544216336
1851,648,2,0.007941865544216336
1851,660,2,0.007941865544216336
1851,674,2,0.007941865544216336
1851,681,2,0.007941865544216336
1851,689,2,0.007941865544216336
1851,69,2,0.007941865544216336
1851,690,2,0.007941865544216336
1851,7,2,0.007941865544216336
1851,717,2,0.007941865544216336
1851,720,2,0.007941865544216336
1851,728,2,0.007941865544216336
1851,730,2,0.007941865544216336
1851,734,2,0.007941865544216336
1851,742,2,0.007941865544216336
1851,743,2,0.007941865544216336
1851,744,2,0.007941865544216336
1851,781,2,0.007941865544216336
1851,95,2,0.007941865544216336
1851,110,1,0.003970932772108168
1851,155,1,0.003970932772108168
1851,156,1,0.003970932772108168
1851,157,1,0.003970932772108168
1851,158,1,0.003970932772108168
1851,16,1,0.003970932772108168
1851,160,1,0.003970932772108168
1851,164,1,0.003970932772108168
1851,172,1,0.003970932772108168
1851,175,1,0.003970932772108168
1851,191,1,0.003970932772108168
1851,192,1,0.003970932772108168
1851,194,1,0.003970932772108168
1851,199,1,0.003970932772108168
1851,209,1,0.003970932772108168
1851,227,1,0.003970932772108168
1851,233,1,0.003970932772108168
1851,237,1,0.003970932772108168
1851,24,1,0.003970932772108168
1851,266,1,0.003970932772108168
1851,273,1,0.003970932772108168
1851,276,1,0.003970932772108168
1851,278,1,0.003970932772108168
1851,280,1,0.003970932772108168
1851,282,1,0.003970932772108168
1851,291,1,0.003970932772108168
1851,296,1,0.003970932772108168
1851,3,1,0.003970932772108168
1851,30,1,0.003970932772108168
1851,300,1,0.003970932772108168
1851,308,1,0.003970932772108168
1851,312,1,0.003970932772108168
1851,314,1,0.003970932772108168
1851,318,1,0.003970932772108168
1851,323,1,0.003970932772108168
1851,326,1,0.003970932772108168
1851,330,1,0.003970932772108168
1851,336,1,0.003970932772108168
1851,343,1,0.003970932772108168
1851,347,1,0.003970932772108168
1851,350,1,0.003970932772108168
1851,360,1,0.003970932772108168
1851,368,1,0.003970932772108168
1851,38,1,0.003970932772108168
1851,380,1,0.003970932772108168
1851,384,1,0.003970932772108168
1851,390,1,0.003970932772108168
1851,392,1,0.003970932772108168
1851,395,1,0.003970932772108168
1851,398,1,0.003970932772108168
1851,401,1,0.003970932772108168
1851,404,1,0.003970932772108168
1851,413,1,0.003970932772108168
1851,420,1,0.003970932772108168
1851,424,1,0.003970932772108168
1851,430,1,0.003970932772108168
1851,431,1,0.003970932772108168
1851,445,1,0.003970932772108168
1851,446,1,0.003970932772108168
1851,447,1,0.003970932772108168
1851,450,1,0.003970932772108168
1851,454,1,0.003970932772108168
1851,466,1,0.003970932772108168
1851,47,1,0.003970932772108168
1851,483,1,0.003970932772108168
1851,492,1,0.003970932772108168
1851,496,1,0.003970932772108168
1851,500,1,0.003970932772108168
1851,505,1,0.003970932772108168
1851,51,1,0.003970932772108168
1851,521,1,0.003970932772108168
1851,524,1,0.003970932772108168
1851,530,1,0.003970932772108168
1851,539,1,0.003970932772108168
1851,57,1,0.003970932772108168
1851,570,1,0.003970932772108168
1851,573,1,0.003970932772108168
1851,575,1,0.003970932772108168
1851,58,1,0.003970932772108168
1851,589,1,0.003970932772108168
1851,598,1,0.003970932772108168
1851,600,1,0.003970932772108168
1851,633,1,0.003970932772108168
1851,652,1,0.003970932772108168
1851,656,1,0.003970932772108168
1851,659,1,0.003970932772108168
1851,667,1,0.003970932772108168
1851,668,1,0.003970932772108168
1851,669,1,0.003970932772108168
1851,673,1,0.003970932772108168
1851,676,1,0.003970932772108168
1851,678,1,0.003970932772108168
1851,695,1,0.003970932772108168
1851,70,1,0.003970932772108168
1851,701,1,0.003970932772108168
1851,72,1,0.003970932772108168
1851,721,1,0.003970932772108168
1851,73,1,0.003970932772108168
1851,736,1,0.003970932772108168
1851,738,1,0.003970932772108168
1851,745,1,0.003970932772108168
1851,747,1,0.003970932772108168
1851,760,1,0.003970932772108168
1851,77,1,0.003970932772108168
1851,783,1,0.003970932772108168
1851,786,1,0.003970932772108168
1851,794,1,0.003970932772108168
1851,80,1,0.003970932772108168
1851,82,1,0.003970932772108168
1851,83,1,0.003970932772108168
1851,NA,1,0.003970932772108168
1861,177,13027,30.029275489269494
1861,761,3691,8.508333141236948
1861,555,3144,7.247412461676771
1861,572,1111,2.5610290219220397
1861,551,1009,2.3259030451119154
1861,120,952,2.194509116894493
1861,724,732,1.6873746571079504
1861,374,716,1.6504921509416566
1861,173,572,1.3185495954450104
1861,125,457,1.0534565823747724
1861,549,446,1.0280998593854453
1861,608,440,1.014268919573085
1861,723,433,0.9981328231253314
1861,11,413,0.9520296904174639
1861,606,398,0.9174523408865632
1861,579,388,0.89440077453262945
1861,571,386,0.8897904612618427
1861,562,378,0.8713492081786958
1861,560,367,0.8459924851893686
1861,654,344,0.792973882575321
1861,580,313,0.7215140268781264
1861,202,311,0.7169037136073396
1861,6,289,0.6661902676286854
1861,14,251,0.5785943154837371
1861,181,237,0.5463221225882299
1861,91,235,0.5417118093174431
1861,405,225,0.5186602429635093
1861,548,218,0.5025241465157557
1861,788,216,0.497913833244969
1861,409,206,0.4748622668910352
1861,334,196,0.4518107005371015
1861,653,191,0.44028491736013464
1861,12,190,0.43797976072474126
1861,272,172,0.3964869412876605
1861,241,171,0.3941817846522671
1861,166,163,0.37574053156912013
1861,329,160,0.36882506166294
1861,607,142,0.32733224222585927
1861,464,138,0.31811161568428575
1861,13,136,0.313501302413499
1861,625,132,0.3042806758719255
1861,709,130,0.2996703626011388
1861,467,129,0.2973652059657454
1861,697,123,0.2835342661533851
1861,713,120,0.276618796247205
1861,259,112,0.258177543164058
1861,568,110,0.25356722989327124
1861,565,109,0.25126207325787786
1861,686,109,0.25126207325787786
1861,519,107,0.24665175998709113
1861,429,105,0.24204144671630437
1861,537,103,0.2374311334455176
1861,131,102,0.23512597681012426
1861,766,101,0.23282082017473088
1861,770,100,0.2305156635393375
1861,459,99,0.22821050690394412
1861,235,98,0.22590535026855074
1861,262,95,0.21898988036237063
1861,691,95,0.21898988036237063
1861,127,91,0.2097692538207971
1861,663,91,0.2097692538207971
1861,566,90,0.20746409718540376
1861,168,86,0.19824347064383024
1861,558,86,0.19824347064383024
1861,123,84,0.19363315737304349
1861,133,83,0.19132800073765013
1861,480,80,0.18441253083147
1861,666,80,0.18441253083147
1861,583,79,0.18210737419607662
1861,134,77,0.17749706092528988
1861,643,76,0.1751919042898965
1861,711,75,0.17288674765450313
1861,461,74,0.17058159101910975
1861,722,73,0.16827643438371637
1861,79,73,0.16827643438371637
1861,762,72,0.165971277748323
1861,5,71,0.16366612111292964
1861,682,71,0.16366612111292964
1861,593,67,0.15444549457135612
1861,414,65,0.1498351813005694
1861,421,65,0.1498351813005694
1861,183,63,0.14522486802978263
1861,348,63,0.14522486802978263
1861,118,62,0.14291971139438925
1861,119,62,0.14291971139438925
1861,2,58,0.13369908485281576
1861,758,58,0.13369908485281576
1861,286,57,0.13139392821742238
1861,655,57,0.13139392821742238
1861,141,55,0.12678361494663562
1861,765,54,0.12447845831124225
1861,128,53,0.12217330167584887
1861,111,52,0.1198681450404555
1861,470,52,0.1198681450404555
1861,185,51,0.11756298840506213
1861,242,50,0.11525783176966875
1861,574,50,0.11525783176966875
1861,687,50,0.11525783176966875
1861,381,49,0.11295267513427537
1861,279,48,0.110647518498882
1861,121,47,0.10834236186348863
1861,485,47,0.10834236186348863
1861,759,47,0.10834236186348863
1861,436,46,0.10603720522809525
1861,244,45,0.10373204859270188
1861,294,45,0.10373204859270188
1861,167,44,0.1014268919573085
1861,768,44,0.1014268919573085
1861,84,44,0.1014268919573085
1861,35,42,0.09681657868652174
1861,596,42,0.09681657868652174
1861,216,40,0.092206265415735
1861,776,40,0.092206265415735
1861,292,39,0.08990110878034162
1861,412,39,0.08990110878034162
1861,453,38,0.08759595214494825
1861,628,38,0.08759595214494825
1861,198,37,0.08529079550955487
1861,165,36,0.0829856388741615
1861,27,36,0.0829856388741615
1861,484,36,0.0829856388741615
1861,40,35,0.08068048223876813
1861,550,35,0.08068048223876813
1861,196,34,0.07837532560337475
1861,61,34,0.07837532560337475
1861,677,34,0.07837532560337475
1861,712,33,0.07607016896798137
1861,106,32,0.073765012332588
1861,87,32,0.073765012332588
1861,117,31,0.07145985569719462
1861,263,31,0.07145985569719462
1861,349,31,0.07145985569719462
1861,509,31,0.07145985569719462
1861,9,31,0.07145985569719462
1861,293,30,0.06915469906180124
1861,369,30,0.06915469906180124
1861,576,30,0.06915469906180124
1861,428,29,0.06684954242640788
1861,613,29,0.06684954242640788
1861,640,29,0.06684954242640788
1861,536,28,0.0645443857910145
1861,622,28,0.0645443857910145
1861,457,27,0.06223922915562113
1861,142,26,0.05993407252022775
1861,224,26,0.05993407252022775
1861,750,26,0.05993407252022775
1861,274,25,0.057628915884834375
1861,290,25,0.057628915884834375
1861,333,25,0.057628915884834375
1861,561,25,0.057628915884834375
1861,591,25,0.057628915884834375
1861,132,23,0.05301860261404762
1861,170,23,0.05301860261404762
1861,178,23,0.05301860261404762
1861,283,23,0.05301860261404762
1861,584,23,0.05301860261404762
1861,248,22,0.05071344597865425
1861,432,22,0.05071344597865425
1861,506,22,0.05071344597865425
1861,529,22,0.05071344597865425
1861,542,22,0.05071344597865425
1861,55,22,0.05071344597865425
1861,552,22,0.05071344597865425
1861,651,22,0.05071344597865425
1861,727,22,0.05071344597865425
1861,771,22,0.05071344597865425
1861,8,22,0.05071344597865425
1861,103,21,0.04840828934326087
1861,145,21,0.04840828934326087
1861,359,21,0.04840828934326087
1861,365,21,0.04840828934326087
1861,39,21,0.04840828934326087
1861,710,21,0.04840828934326087
1861,15,20,0.0461031327078675
1861,180,20,0.0461031327078675
1861,295,20,0.0461031327078675
1861,440,20,0.0461031327078675
1861,631,20,0.0461031327078675
1861,708,20,0.0461031327078675
1861,796,20,0.0461031327078675
1861,116,19,0.043797976072474126
1861,139,19,0.043797976072474126
1861,163,19,0.043797976072474126
1861,219,19,0.043797976072474126
1861,246,19,0.043797976072474126
1861,275,19,0.043797976072474126
1861,425,19,0.043797976072474126
1861,443,19,0.043797976072474126
1861,616,19,0.043797976072474126
1861,791,19,0.043797976072474126
1861,160,18,0.04149281943708075
1861,179,18,0.04149281943708075
1861,201,18,0.04149281943708075
1861,269,18,0.04149281943708075
1861,271,18,0.04149281943708075
1861,462,18,0.04149281943708075
1861,610,18,0.04149281943708075
1861,680,18,0.04149281943708075
1861,714,18,0.04149281943708075
1861,188,17,0.039187662801687374
1861,260,17,0.039187662801687374
1861,352,17,0.039187662801687374
1861,37,17,0.039187662801687374
1861,378,17,0.039187662801687374
1861,465,17,0.039187662801687374
1861,476,17,0.039187662801687374
1861,559,17,0.039187662801687374
1861,135,16,0.036882506166294
1861,229,16,0.036882506166294
1861,463,16,0.036882506166294
1861,638,16,0.036882506166294
1861,64,16,0.036882506166294
1861,744,16,0.036882506166294
1861,773,16,0.036882506166294
1861,780,16,0.036882506166294
1861,93,16,0.036882506166294
1861,41,15,0.03457734953090062
1861,426,15,0.03457734953090062
1861,158,14,0.03227219289550725
1861,214,14,0.03227219289550725
1861,247,14,0.03227219289550725
1861,253,14,0.03227219289550725
1861,437,14,0.03227219289550725
1861,452,14,0.03227219289550725
1861,516,14,0.03227219289550725
1861,520,14,0.03227219289550725
1861,599,14,0.03227219289550725
1861,63,14,0.03227219289550725
1861,692,14,0.03227219289550725
1861,693,14,0.03227219289550725
1861,715,14,0.03227219289550725
1861,769,14,0.03227219289550725
1861,108,13,0.029967036260113874
1861,207,13,0.029967036260113874
1861,226,13,0.029967036260113874
1861,289,13,0.029967036260113874
1861,479,13,0.029967036260113874
1861,52,13,0.029967036260113874
1861,592,13,0.029967036260113874
1861,627,13,0.029967036260113874
1861,707,13,0.029967036260113874
1861,113,12,0.0276618796247205
1861,33,12,0.0276618796247205
1861,340,12,0.0276618796247205
1861,438,12,0.0276618796247205
1861,473,12,0.0276618796247205
1861,507,12,0.0276618796247205
1861,546,12,0.0276618796247205
1861,557,12,0.0276618796247205
1861,650,12,0.0276618796247205
1861,685,12,0.0276618796247205
1861,90,12,0.0276618796247205
1861,114,11,0.025356722989327125
1861,161,11,0.025356722989327125
1861,184,11,0.025356722989327125
1861,254,11,0.025356722989327125
1861,28,11,0.025356722989327125
1861,382,11,0.025356722989327125
1861,4,11,0.025356722989327125
1861,469,11,0.025356722989327125
1861,481,11,0.025356722989327125
1861,512,11,0.025356722989327125
1861,528,11,0.025356722989327125
1861,578,11,0.025356722989327125
1861,777,11,0.025356722989327125
1861,94,11,0.025356722989327125
1861,105,10,0.02305156635393375
1861,109,10,0.02305156635393375
1861,172,10,0.02305156635393375
1861,182,10,0.02305156635393375
1861,22,10,0.02305156635393375
1861,258,10,0.02305156635393375
1861,468,10,0.02305156635393375
1861,482,10,0.02305156635393375
1861,487,10,0.02305156635393375
1861,533,10,0.02305156635393375
1861,543,10,0.02305156635393375
1861,563,10,0.02305156635393375
1861,612,10,0.02305156635393375
1861,646,10,0.02305156635393375
1861,730,10,0.02305156635393375
1861,77,10,0.02305156635393375
1861,124,9,0.020746409718540373
1861,137,9,0.020746409718540373
1861,221,9,0.020746409718540373
1861,318,9,0.020746409718540373
1861,366,9,0.020746409718540373
1861,42,9,0.020746409718540373
1861,434,9,0.020746409718540373
1861,47,9,0.020746409718540373
1861,510,9,0.020746409718540373
1861,547,9,0.020746409718540373
1861,618,9,0.020746409718540373
1861,662,9,0.020746409718540373
1861,706,9,0.020746409718540373
1861,88,9,0.020746409718540373
1861,89,9,0.020746409718540373
1861,122,8,0.018441253083147
1861,203,8,0.018441253083147
1861,230,8,0.018441253083147
1861,280,8,0.018441253083147
1861,317,8,0.018441253083147
1861,376,8,0.018441253083147
1861,502,8,0.018441253083147
1861,556,8,0.018441253083147
1861,611,8,0.018441253083147
1861,617,8,0.018441253083147
1861,619,8,0.018441253083147
1861,630,8,0.018441253083147
1861,66,8,0.018441253083147
1861,699,8,0.018441253083147
1861,725,8,0.018441253083147
1861,751,8,0.018441253083147
1861,112,7,0.016136096447753625
1861,136,7,0.016136096447753625
1861,157,7,0.016136096447753625
1861,162,7,0.016136096447753625
1861,200,7,0.016136096447753625
1861,208,7,0.016136096447753625
1861,210,7,0.016136096447753625
1861,266,7,0.016136096447753625
1861,268,7,0.016136096447753625
1861,313,7,0.016136096447753625
1861,358,7,0.016136096447753625
1861,36,7,0.016136096447753625
1861,370,7,0.016136096447753625
1861,408,7,0.016136096447753625
1861,478,7,0.016136096447753625
1861,496,7,0.016136096447753625
1861,51,7,0.016136096447753625
1861,648,7,0.016136096447753625
1861,717,7,0.016136096447753625
1861,764,7,0.016136096447753625
1861,787,7,0.016136096447753625
1861,100,6,0.01383093981236025
1861,278,6,0.01383093981236025
1861,281,6,0.01383093981236025
1861,319,6,0.01383093981236025
1861,354,6,0.01383093981236025
1861,357,6,0.01383093981236025
1861,400,6,0.01383093981236025
1861,488,6,0.01383093981236025
1861,489,6,0.01383093981236025
1861,498,6,0.01383093981236025
1861,524,6,0.01383093981236025
1861,53,6,0.01383093981236025
1861,530,6,0.01383093981236025
1861,577,6,0.01383093981236025
1861,623,6,0.01383093981236025
1861,731,6,0.01383093981236025
1861,81,6,0.01383093981236025
1861,1,5,0.011525783176966875
1861,102,5,0.011525783176966875
1861,115,5,0.011525783176966875
1861,151,5,0.011525783176966875
1861,186,5,0.011525783176966875
1861,190,5,0.011525783176966875
1861,199,5,0.011525783176966875
1861,204,5,0.011525783176966875
1861,209,5,0.011525783176966875
1861,217,5,0.011525783176966875
1861,265,5,0.011525783176966875
1861,267,5,0.011525783176966875
1861,270,5,0.011525783176966875
1861,302,5,0.011525783176966875
1861,339,5,0.011525783176966875
1861,377,5,0.011525783176966875
1861,393,5,0.011525783176966875
1861,411,5,0.011525783176966875
1861,417,5,0.011525783176966875
1861,477,5,0.011525783176966875
1861,526,5,0.011525783176966875
1861,614,5,0.011525783176966875
1861,634,5,0.011525783176966875
1861,65,5,0.011525783176966875
1861,657,5,0.011525783176966875
1861,658,5,0.011525783176966875
1861,679,5,0.011525783176966875
1861,718,5,0.011525783176966875
1861,775,5,0.011525783176966875
1861,78,5,0.011525783176966875
1861,107,4,0.0092206265415735
1861,205,4,0.0092206265415735
1861,220,4,0.0092206265415735
1861,227,4,0.0092206265415735
1861,255,4,0.0092206265415735
1861,3,4,0.0092206265415735
1861,306,4,0.0092206265415735
1861,330,4,0.0092206265415735
1861,343,4,0.0092206265415735
1861,347,4,0.0092206265415735
1861,360,4,0.0092206265415735
1861,367,4,0.0092206265415735
1861,379,4,0.0092206265415735
1861,415,4,0.0092206265415735
1861,416,4,0.0092206265415735
1861,433,4,0.0092206265415735
1861,435,4,0.0092206265415735
1861,441,4,0.0092206265415735
1861,451,4,0.0092206265415735
1861,483,4,0.0092206265415735
1861,486,4,0.0092206265415735
1861,497,4,0.0092206265415735
1861,511,4,0.0092206265415735
1861,569,4,0.0092206265415735
1861,60,4,0.0092206265415735
1861,659,4,0.0092206265415735
1861,661,4,0.0092206265415735
1861,69,4,0.0092206265415735
1861,690,4,0.0092206265415735
1861,728,4,0.0092206265415735
1861,734,4,0.0092206265415735
1861,740,4,0.0092206265415735
1861,747,4,0.0092206265415735
1861,756,4,0.0092206265415735
1861,772,4,0.0092206265415735
1861,795,4,0.0092206265415735
1861,99,4,0.0092206265415735
1861,999,4,0.0092206265415735
1861,164,3,0.006915469906180125
1861,171,3,0.006915469906180125
1861,228,3,0.006915469906180125
1861,257,3,0.006915469906180125
1861,264,3,0.006915469906180125
1861,276,3,0.006915469906180125
1861,297,3,0.006915469906180125
1861,298,3,0.006915469906180125
1861,301,3,0.006915469906180125
1861,315,3,0.006915469906180125
1861,316,3,0.006915469906180125
1861,331,3,0.006915469906180125
1861,363,3,0.006915469906180125
1861,380,3,0.006915469906180125
1861,386,3,0.006915469906180125
1861,422,3,0.006915469906180125
1861,442,3,0.006915469906180125
1861,444,3,0.006915469906180125
1861,446,3,0.006915469906180125
1861,447,3,0.006915469906180125
1861,448,3,0.006915469906180125
1861,455,3,0.006915469906180125
1861,46,3,0.006915469906180125
1861,474,3,0.006915469906180125
1861,50,3,0.006915469906180125
1861,500,3,0.006915469906180125
1861,518,3,0.006915469906180125
1861,525,3,0.006915469906180125
1861,531,3,0.006915469906180125
1861,54,3,0.006915469906180125
1861,545,3,0.006915469906180125
1861,570,3,0.006915469906180125
1861,587,3,0.006915469906180125
1861,594,3,0.006915469906180125
1861,620,3,0.006915469906180125
1861,632,3,0.006915469906180125
1861,649,3,0.006915469906180125
1861,671,3,0.006915469906180125
1861,683,3,0.006915469906180125
1861,689,3,0.006915469906180125
1861,72,3,0.006915469906180125
1861,733,3,0.006915469906180125
1861,745,3,0.006915469906180125
1861,75,3,0.006915469906180125
1861,76,3,0.006915469906180125
1861,778,3,0.006915469906180125
1861,779,3,0.006915469906180125
1861,782,3,0.006915469906180125
1861,786,3,0.006915469906180125
1861,80,3,0.006915469906180125
1861,95,3,0.006915469906180125
1861,97,3,0.006915469906180125
1861,110,2,0.00461031327078675
1861,129,2,0.00461031327078675
1861,169,2,0.00461031327078675
1861,194,2,0.00461031327078675
1861,232,2,0.00461031327078675
1861,233,2,0.00461031327078675
1861,24,2,0.00461031327078675
1861,245,2,0.00461031327078675
1861,251,2,0.00461031327078675
1861,261,2,0.00461031327078675
1861,273,2,0.00461031327078675
1861,30,2,0.00461031327078675
1861,300,2,0.00461031327078675
1861,305,2,0.00461031327078675
1861,308,2,0.00461031327078675
1861,309,2,0.00461031327078675
1861,311,2,0.00461031327078675
1861,314,2,0.00461031327078675
1861,320,2,0.00461031327078675
1861,344,2,0.00461031327078675
1861,350,2,0.00461031327078675
1861,356,2,0.00461031327078675
1861,368,2,0.00461031327078675
1861,387,2,0.00461031327078675
1861,388,2,0.00461031327078675
1861,389,2,0.00461031327078675
1861,397,2,0.00461031327078675
1861,398,2,0.00461031327078675
1861,399,2,0.00461031327078675
1861,404,2,0.00461031327078675
1861,407,2,0.00461031327078675
1861,410,2,0.00461031327078675
1861,413,2,0.00461031327078675
1861,420,2,0.00461031327078675
1861,431,2,0.00461031327078675
1861,445,2,0.00461031327078675
1861,450,2,0.00461031327078675
1861,458,2,0.00461031327078675
1861,515,2,0.00461031327078675
1861,535,2,0.00461031327078675
1861,538,2,0.00461031327078675
1861,539,2,0.00461031327078675
1861,564,2,0.00461031327078675
1861,586,2,0.00461031327078675
1861,605,2,0.00461031327078675
1861,624,2,0.00461031327078675
1861,626,2,0.00461031327078675
1861,635,2,0.00461031327078675
1861,652,2,0.00461031327078675
1861,656,2,0.00461031327078675
1861,665,2,0.00461031327078675
1861,669,2,0.00461031327078675
1861,694,2,0.00461031327078675
1861,695,2,0.00461031327078675
1861,7,2,0.00461031327078675
1861,701,2,0.00461031327078675
1861,702,2,0.00461031327078675
1861,720,2,0.00461031327078675
1861,721,2,0.00461031327078675
1861,738,2,0.00461031327078675
1861,760,2,0.00461031327078675
1861,783,2,0.00461031327078675
1861,789,2,0.00461031327078675
1861,82,2,0.00461031327078675
1861,83,2,0.00461031327078675
1861,10,1,0.002305156635393375
1861,101,1,0.002305156635393375
1861,126,1,0.002305156635393375
1861,130,1,0.002305156635393375
1861,146,1,0.002305156635393375
1861,148,1,0.002305156635393375
1861,149,1,0.002305156635393375
1861,150,1,0.002305156635393375
1861,155,1,0.002305156635393375
1861,159,1,0.002305156635393375
1861,16,1,0.002305156635393375
1861,17,1,0.002305156635393375
1861,19,1,0.002305156635393375
1861,21,1,0.002305156635393375
1861,211,1,0.002305156635393375
1861,212,1,0.002305156635393375
1861,225,1,0.002305156635393375
1861,243,1,0.002305156635393375
1861,250,1,0.002305156635393375
1861,277,1,0.002305156635393375
1861,285,1,0.002305156635393375
1861,29,1,0.002305156635393375
1861,296,1,0.002305156635393375
1861,307,1,0.002305156635393375
1861,310,1,0.002305156635393375
1861,321,1,0.002305156635393375
1861,326,1,0.002305156635393375
1861,337,1,0.002305156635393375
1861,34,1,0.002305156635393375
1861,345,1,0.002305156635393375
1861,38,1,0.002305156635393375
1861,392,1,0.002305156635393375
1861,395,1,0.002305156635393375
1861,396,1,0.002305156635393375
1861,418,1,0.002305156635393375
1861,419,1,0.002305156635393375
1861,43,1,0.002305156635393375
1861,430,1,0.002305156635393375
1861,439,1,0.002305156635393375
1861,44,1,0.002305156635393375
1861,456,1,0.002305156635393375
1861,466,1,0.002305156635393375
1861,471,1,0.002305156635393375
1861,472,1,0.002305156635393375
1861,48,1,0.002305156635393375
1861,491,1,0.002305156635393375
1861,493,1,0.002305156635393375
1861,494,1,0.002305156635393375
1861,501,1,0.002305156635393375
1861,505,1,0.002305156635393375
1861,508,1,0.002305156635393375
1861,521,1,0.002305156635393375
1861,522,1,0.002305156635393375
1861,527,1,0.002305156635393375
1861,540,1,0.002305156635393375
1861,553,1,0.002305156635393375
1861,554,1,0.002305156635393375
1861,57,1,0.002305156635393375
1861,573,1,0.002305156635393375
1861,575,1,0.002305156635393375
1861,588,1,0.002305156635393375
1861,595,1,0.002305156635393375
1861,597,1,0.002305156635393375
1861,615,1,0.002305156635393375
1861,633,1,0.002305156635393375
1861,639,1,0.002305156635393375
1861,641,1,0.002305156635393375
1861,644,1,0.002305156635393375
1861,664,1,0.002305156635393375
1861,673,1,0.002305156635393375
1861,674,1,0.002305156635393375
1861,676,1,0.002305156635393375
1861,681,1,0.002305156635393375
1861,698,1,0.002305156635393375
1861,70,1,0.002305156635393375
1861,704,1,0.002305156635393375
1861,732,1,0.002305156635393375
1861,742,1,0.002305156635393375
1861,757,1,0.002305156635393375
1861,767,1,0.002305156635393375
1861,774,1,0.002305156635393375
1861,781,1,0.002305156635393375
1881,177,15135,15.259671516288073
1881,555,5354,5.398102497403789
1881,120,3677,3.707288547432524
1881,761,3658,3.688132038756642
1881,724,2086,2.1031830051520926
1881,572,1962,1.9781615801094945
1881,713,1908,1.9237167659780405
1881,551,1614,1.6272950001512356
1881,711,1511,1.5234465583819807
1881,202,1499,1.5113477107972133
1881,405,1346,1.357087404091427
1881,723,1305,1.3157496748434712
1881,125,1261,1.2713872336993235
1881,697,1204,1.2139177076716776
1881,374,1156,1.1655223173326075
1881,81,1084,1.092929231824002
1881,560,1042,1.0505832652773157
1881,562,947,0.9548007218979059
1881,666,773,0.7793674319187764
1881,571,741,0.7471038383593963
1881,464,724,0.7299638042809756
1881,409,718,0.7239143804885918
1881,537,712,0.717864956696208
1881,549,687,0.6926590242279423
1881,131,683,0.6886260750330198
1881,173,674,0.6795519393444441
1881,334,634,0.6392224473952189
1881,166,627,0.6321647863041046
1881,709,623,0.628131837109182
1881,653,596,0.600909430043455
1881,480,592,0.5968764808485325
1881,608,591,0.5958682435498018
1881,654,588,0.59284353165361
1881,663,586,0.5908270570561487
1881,579,580,0.584777633263765
1881,722,567,0.5716705483802668
1881,12,558,0.5625964126916911
1881,628,512,0.5162174969500821
1881,13,496,0.5000857001703921
1881,181,496,0.5000857001703921
1881,606,491,0.49504451367673896
1881,133,475,0.4789127168970489
1881,259,463,0.46681386931228136
1881,691,457,0.46076444551989754
1881,6,437,0.440599699545285
1881,686,425,0.4285008519605174
1881,759,423,0.42648437736305617
1881,11,417,0.4204349535706724
1881,459,397,0.4002702075960598
1881,329,390,0.3932125465049454
1881,791,377,0.3801054616214472
1881,429,357,0.35994071564683466
1881,123,352,0.3548995291531815
1881,481,344,0.34683363076333645
1881,770,319,0.3216276982950707
1881,124,313,0.31557827450268694
1881,235,298,0.3004547150217275
1881,244,298,0.3004547150217275
1881,241,295,0.29743000312553564
1881,687,291,0.2933970539306131
1881,79,288,0.2903723420344212
1881,14,287,0.2893641047356906
1881,467,285,0.28734763013822934
1881,519,281,0.2833146809433068
1881,91,280,0.2823064436445762
1881,242,270,0.2722240706572699
1881,90,260,0.2621416976699636
1881,118,257,0.25911698577377174
1881,168,256,0.25810874847504106
1881,183,255,0.25710051117631044
1881,453,251,0.2530675619813879
1881,263,242,0.2439934262928123
1881,127,241,0.24298518899408164
1881,2,233,0.2349192906042366
1881,758,233,0.2349192906042366
1881,369,230,0.23189457870804472
1881,607,227,0.22886986681185284
1881,766,226,0.22786162951312222
1881,283,224,0.22584515491566096
1881,272,223,0.2248369176169303
1881,558,223,0.2248369176169303
1881,565,220,0.22181220572073843
1881,106,219,0.2208039684220078
1881,682,217,0.21878749382454654
1881,27,216,0.21777925652581592
1881,580,210,0.21172983273343213
1881,592,207,0.20870512083724024
1881,139,201,0.20265569704485648
1881,762,201,0.20265569704485648
1881,536,197,0.19862274784993397
1881,529,193,0.19458979865501144
1881,622,193,0.19458979865501144
1881,593,192,0.19358156135628082
1881,461,191,0.19257332405755018
1881,294,190,0.19156508675881956
1881,262,186,0.18753213756389703
1881,485,184,0.1855156629664358
1881,111,183,0.18450742566770514
1881,35,183,0.18450742566770514
1881,381,183,0.18450742566770514
1881,436,183,0.18450742566770514
1881,566,180,0.18148271377151326
1881,655,180,0.18148271377151326
1881,708,180,0.18148271377151326
1881,224,178,0.179466239174052
1881,680,174,0.1754332899791295
1881,134,173,0.17442505268039885
1881,421,171,0.1724085780829376
1881,414,170,0.17140034078420696
1881,167,169,0.17039210348547634
1881,548,169,0.17039210348547634
1881,552,167,0.16837562888801508
1881,712,162,0.16333444239436193
1881,583,161,0.1623262050956313
1881,141,160,0.1613179677969007
1881,170,159,0.16030973049817004
1881,360,157,0.15829325590070878
1881,498,157,0.15829325590070878
1881,412,155,0.15627678130324754
1881,568,155,0.15627678130324754
1881,179,153,0.15426030670578628
1881,275,153,0.15426030670578628
1881,119,151,0.152243832108325
1881,699,149,0.15022735751086375
1881,279,148,0.14921912021213313
1881,643,145,0.14619440831594124
1881,253,144,0.1451861710172106
1881,484,144,0.1451861710172106
1881,662,140,0.1411532218222881
1881,482,138,0.13913674722482683
1881,462,137,0.1381285099260962
1881,507,137,0.1381285099260962
1881,365,134,0.13510379802990433
1881,727,133,0.13409556073117368
1881,130,129,0.13006261153625118
1881,165,129,0.13006261153625118
1881,465,129,0.13006261153625118
1881,286,127,0.1280461369387899
1881,443,127,0.1280461369387899
1881,768,127,0.1280461369387899
1881,788,127,0.1280461369387899
1881,547,122,0.12300495044513676
1881,574,120,0.12098847584767551
1881,625,119,0.11998023854894488
1881,348,118,0.11897200125021425
1881,488,113,0.11393081475656111
1881,246,112,0.11292257745783048
1881,470,112,0.11292257745783048
1881,543,112,0.11292257745783048
1881,506,111,0.11191434015909985
1881,714,111,0.11191434015909985
1881,457,110,0.11090610286036921
1881,542,108,0.10888962826290796
1881,651,106,0.1068731536654467
1881,214,105,0.10586491636671606
1881,132,104,0.10485667906798544
1881,88,104,0.10485667906798544
1881,219,102,0.10284020447052418
1881,596,102,0.10284020447052418
1881,105,98,0.09880725527560166
1881,659,98,0.09880725527560166
1881,677,95,0.09578254337940978
1881,9,95,0.09578254337940978
1881,103,94,0.09477430608067915
1881,116,94,0.09477430608067915
1881,198,94,0.09477430608067915
1881,292,93,0.09376606878194851
1881,229,92,0.0927578314832179
1881,382,88,0.08872488228829538
1881,434,88,0.08872488228829538
1881,692,88,0.08872488228829538
1881,216,87,0.08771664498956475
1881,37,87,0.08771664498956475
1881,162,86,0.08670840769083411
1881,432,86,0.08670840769083411
1881,227,84,0.08469193309337286
1881,248,84,0.08469193309337286
1881,319,83,0.08368369579464223
1881,40,80,0.08065898389845035
1881,706,80,0.08065898389845035
1881,185,79,0.07965074659971971
1881,710,78,0.07864250930098908
1881,756,78,0.07864250930098908
1881,765,78,0.07864250930098908
1881,260,77,0.07763427200225845
1881,476,76,0.07662603470352783
1881,87,76,0.07662603470352783
1881,428,75,0.0756177974047972
1881,473,75,0.0756177974047972
1881,142,74,0.07460956010606656
1881,408,74,0.07460956010606656
1881,290,73,0.07360132280733593
1881,84,73,0.07360132280733593
1881,121,72,0.0725930855086053
1881,561,72,0.0725930855086053
1881,479,70,0.07057661091114405
1881,55,70,0.07057661091114405
1881,1,69,0.06956837361241341
1881,550,69,0.06956837361241341
1881,158,68,0.06856013631368278
1881,698,68,0.06856013631368278
1881,487,67,0.06755189901495216
1881,306,66,0.06654366171622153
1881,638,66,0.06654366171622153
1881,620,65,0.0655354244174909
1881,122,64,0.06452718711876027
1881,640,64,0.06452718711876027
1881,8,64,0.06452718711876027
1881,93,64,0.06452718711876027
1881,533,62,0.06251071252129901
1881,58,62,0.06251071252129901
1881,207,61,0.06150247522256838
1881,265,61,0.06150247522256838
1881,316,61,0.06150247522256838
1881,489,61,0.06150247522256838
1881,437,60,0.060494237923837756
1881,631,59,0.05948600062510712
1881,650,59,0.05948600062510712
1881,695,59,0.05948600062510712
1881,502,58,0.0584777633263765
1881,613,58,0.0584777633263765
1881,715,58,0.0584777633263765
1881,247,57,0.057469526027645865
1881,707,57,0.057469526027645865
1881,728,57,0.057469526027645865
1881,258,56,0.05646128872891524
1881,269,56,0.05646128872891524
1881,425,56,0.05646128872891524
1881,440,56,0.05646128872891524
1881,616,56,0.05646128872891524
1881,510,55,0.055453051430184606
1881,771,55,0.055453051430184606
1881,772,55,0.055453051430184606
1881,137,54,0.05444481413145398
1881,114,53,0.05343657683272335
1881,135,53,0.05343657683272335
1881,302,53,0.05343657683272335
1881,313,53,0.05343657683272335
1881,744,52,0.05242833953399272
1881,163,51,0.05142010223526209
1881,182,50,0.050411864936531464
1881,266,50,0.050411864936531464
1881,278,49,0.04940362763780083
1881,438,49,0.04940362763780083
1881,716,49,0.04940362763780083
1881,776,49,0.04940362763780083
1881,94,49,0.04940362763780083
1881,186,48,0.048395390339070206
1881,295,48,0.048395390339070206
1881,318,47,0.04738715304033957
1881,693,47,0.04738715304033957
1881,117,46,0.04637891574160895
1881,15,46,0.04637891574160895
1881,184,46,0.04637891574160895
1881,201,46,0.04637891574160895
1881,486,46,0.04637891574160895
1881,5,46,0.04637891574160895
1881,721,45,0.045370678442878315
1881,359,44,0.04436244114414769
1881,370,44,0.04436244114414769
1881,451,44,0.04436244114414769
1881,531,44,0.04436244114414769
1881,544,44,0.04436244114414769
1881,556,44,0.04436244114414769
1881,717,44,0.04436244114414769
1881,796,44,0.04436244114414769
1881,512,43,0.04335420384541706
1881,474,42,0.04234596654668643
1881,509,42,0.04234596654668643
1881,999,42,0.04234596654668643
1881,377,41,0.0413377292479558
1881,452,41,0.0413377292479558
1881,478,41,0.0413377292479558
1881,557,41,0.0413377292479558
1881,204,40,0.04032949194922517
1881,317,40,0.04032949194922517
1881,386,40,0.04032949194922517
1881,61,40,0.04032949194922517
1881,623,40,0.04032949194922517
1881,333,39,0.03932125465049454
1881,559,39,0.03932125465049454
1881,599,39,0.03932125465049454
1881,610,39,0.03932125465049454
1881,630,39,0.03932125465049454
1881,773,39,0.03932125465049454
1881,154,38,0.038313017351763914
1881,301,38,0.038313017351763914
1881,657,38,0.038313017351763914
1881,80,38,0.038313017351763914
1881,274,37,0.03730478005303328
1881,4,37,0.03730478005303328
1881,52,37,0.03730478005303328
1881,42,36,0.03629654275430265
1881,576,36,0.03629654275430265
1881,679,36,0.03629654275430265
1881,200,35,0.035288305455572024
1881,366,35,0.035288305455572024
1881,463,35,0.035288305455572024
1881,658,35,0.035288305455572024
1881,685,35,0.035288305455572024
1881,764,35,0.035288305455572024
1881,136,34,0.03428006815684139
1881,289,34,0.03428006815684139
1881,591,34,0.03428006815684139
1881,108,33,0.033271830858110765
1881,115,33,0.033271830858110765
1881,305,33,0.033271830858110765
1881,795,33,0.033271830858110765
1881,203,32,0.03226359355938013
1881,267,32,0.03226359355938013
1881,349,32,0.03226359355938013
1881,39,32,0.03226359355938013
1881,469,32,0.03226359355938013
1881,497,32,0.03226359355938013
1881,584,32,0.03226359355938013
1881,597,32,0.03226359355938013
1881,627,32,0.03226359355938013
1881,730,32,0.03226359355938013
1881,293,31,0.03125535626064951
1881,450,31,0.03125535626064951
1881,530,31,0.03125535626064951
1881,646,31,0.03125535626064951
1881,169,30,0.030247118961918878
1881,47,30,0.030247118961918878
1881,496,30,0.030247118961918878
1881,614,30,0.030247118961918878
1881,617,30,0.030247118961918878
1881,113,29,0.02923888166318825
1881,157,29,0.02923888166318825
1881,594,29,0.02923888166318825
1881,178,28,0.02823064436445762
1881,352,28,0.02823064436445762
1881,441,28,0.02823064436445762
1881,611,28,0.02823064436445762
1881,618,28,0.02823064436445762
1881,619,28,0.02823064436445762
1881,649,28,0.02823064436445762
1881,65,28,0.02823064436445762
1881,128,27,0.02722240706572699
1881,466,27,0.02722240706572699
1881,468,27,0.02722240706572699
1881,582,27,0.02722240706572699
1881,226,26,0.02621416976699636
1881,347,26,0.02621416976699636
1881,588,26,0.02621416976699636
1881,690,26,0.02621416976699636
1881,750,26,0.02621416976699636
1881,151,25,0.025205932468265732
1881,297,25,0.025205932468265732
1881,34,25,0.025205932468265732
1881,196,24,0.024197695169535103
1881,546,24,0.024197695169535103
1881,725,24,0.024197695169535103
1881,172,23,0.023189457870804474
1881,257,23,0.023189457870804474
1881,307,23,0.023189457870804474
1881,50,23,0.023189457870804474
1881,75,23,0.023189457870804474
1881,164,22,0.022181220572073845
1881,281,22,0.022181220572073845
1881,397,22,0.022181220572073845
1881,578,22,0.022181220572073845
1881,112,21,0.021172983273343216
1881,28,21,0.021172983273343216
1881,308,21,0.021172983273343216
1881,309,21,0.021172983273343216
1881,41,21,0.021172983273343216
1881,435,21,0.021172983273343216
1881,612,21,0.021172983273343216
1881,769,21,0.021172983273343216
1881,210,20,0.020164745974612586
1881,33,20,0.020164745974612586
1881,444,20,0.020164745974612586
1881,455,20,0.020164745974612586
1881,520,20,0.020164745974612586
1881,525,20,0.020164745974612586
1881,676,20,0.020164745974612586
1881,751,20,0.020164745974612586
1881,159,19,0.019156508675881957
1881,380,19,0.019156508675881957
1881,400,19,0.019156508675881957
1881,456,19,0.019156508675881957
1881,46,19,0.019156508675881957
1881,526,19,0.019156508675881957
1881,689,19,0.019156508675881957
1881,76,19,0.019156508675881957
1881,85,19,0.019156508675881957
1881,100,18,0.018148271377151325
1881,243,18,0.018148271377151325
1881,268,18,0.018148271377151325
1881,273,18,0.018148271377151325
1881,494,18,0.018148271377151325
1881,635,18,0.018148271377151325
1881,647,18,0.018148271377151325
1881,220,17,0.017140034078420695
1881,230,17,0.017140034078420695
1881,237,17,0.017140034078420695
1881,254,17,0.017140034078420695
1881,277,17,0.017140034078420695
1881,345,17,0.017140034078420695
1881,477,17,0.017140034078420695
1881,483,17,0.017140034078420695
1881,678,17,0.017140034078420695
1881,720,17,0.017140034078420695
1881,188,16,0.016131796779690066
1881,417,16,0.016131796779690066
1881,475,16,0.016131796779690066
1881,595,16,0.016131796779690066
1881,64,16,0.016131796779690066
1881,673,16,0.016131796779690066
1881,683,16,0.016131796779690066
1881,704,16,0.016131796779690066
1881,742,16,0.016131796779690066
1881,775,16,0.016131796779690066
1881,205,15,0.015123559480959439
1881,733,15,0.015123559480959439
1881,102,14,0.01411532218222881
1881,145,14,0.01411532218222881
1881,190,14,0.01411532218222881
1881,206,14,0.01411532218222881
1881,255,14,0.01411532218222881
1881,271,14,0.01411532218222881
1881,340,14,0.01411532218222881
1881,357,14,0.01411532218222881
1881,407,14,0.01411532218222881
1881,426,14,0.01411532218222881
1881,56,14,0.01411532218222881
1881,634,14,0.01411532218222881
1881,668,14,0.01411532218222881
1881,696,14,0.01411532218222881
1881,16,13,0.01310708488349818
1881,180,13,0.01310708488349818
1881,225,13,0.01310708488349818
1881,25,13,0.01310708488349818
1881,264,13,0.01310708488349818
1881,303,13,0.01310708488349818
1881,392,13,0.01310708488349818
1881,393,13,0.01310708488349818
1881,448,13,0.01310708488349818
1881,515,13,0.01310708488349818
1881,632,13,0.01310708488349818
1881,665,13,0.01310708488349818
1881,671,13,0.01310708488349818
1881,780,13,0.01310708488349818
1881,10,12,0.012098847584767551
1881,146,12,0.012098847584767551
1881,356,12,0.012098847584767551
1881,491,12,0.012098847584767551
1881,63,12,0.012098847584767551
1881,66,12,0.012098847584767551
1881,660,12,0.012098847584767551
1881,661,12,0.012098847584767551
1881,700,12,0.012098847584767551
1881,221,11,0.011090610286036922
1881,30,11,0.011090610286036922
1881,379,11,0.011090610286036922
1881,416,11,0.011090610286036922
1881,501,11,0.011090610286036922
1881,511,11,0.011090610286036922
1881,516,11,0.011090610286036922
1881,524,11,0.011090610286036922
1881,575,11,0.011090610286036922
1881,626,11,0.011090610286036922
1881,669,11,0.011090610286036922
1881,77,11,0.011090610286036922
1881,95,11,0.011090610286036922
1881,97,11,0.011090610286036922
1881,138,10,0.010082372987306293
1881,24,10,0.010082372987306293
1881,245,10,0.010082372987306293
1881,3,10,0.010082372987306293
1881,339,10,0.010082372987306293
1881,343,10,0.010082372987306293
1881,505,10,0.010082372987306293
1881,522,10,0.010082372987306293
1881,539,10,0.010082372987306293
1881,585,10,0.010082372987306293
1881,674,10,0.010082372987306293
1881,738,10,0.010082372987306293
1881,782,10,0.010082372987306293
1881,208,9,0.009074135688575662
1881,211,9,0.009074135688575662
1881,228,9,0.009074135688575662
1881,249,9,0.009074135688575662
1881,296,9,0.009074135688575662
1881,310,9,0.009074135688575662
1881,326,9,0.009074135688575662
1881,331,9,0.009074135688575662
1881,358,9,0.009074135688575662
1881,378,9,0.009074135688575662
1881,387,9,0.009074135688575662
1881,442,9,0.009074135688575662
1881,447,9,0.009074135688575662
1881,458,9,0.009074135688575662
1881,564,9,0.009074135688575662
1881,652,9,0.009074135688575662
1881,67,9,0.009074135688575662
1881,73,9,0.009074135688575662
1881,734,9,0.009074135688575662
1881,774,9,0.009074135688575662
1881,110,8,0.008065898389845033
1881,129,8,0.008065898389845033
1881,153,8,0.008065898389845033
1881,160,8,0.008065898389845033
1881,22,8,0.008065898389845033
1881,231,8,0.008065898389845033
1881,330,8,0.008065898389845033
1881,336,8,0.008065898389845033
1881,350,8,0.008065898389845033
1881,354,8,0.008065898389845033
1881,355,8,0.008065898389845033
1881,43,8,0.008065898389845033
1881,445,8,0.008065898389845033
1881,45,8,0.008065898389845033
1881,500,8,0.008065898389845033
1881,545,8,0.008065898389845033
1881,563,8,0.008065898389845033
1881,570,8,0.008065898389845033
1881,581,8,0.008065898389845033
1881,598,8,0.008065898389845033
1881,648,8,0.008065898389845033
1881,656,8,0.008065898389845033
1881,684,8,0.008065898389845033
1881,7,8,0.008065898389845033
1881,757,8,0.008065898389845033
1881,790,8,0.008065898389845033
1881,82,8,0.008065898389845033
1881,89,8,0.008065898389845033
1881,101,7,0.007057661091114405
1881,171,7,0.007057661091114405
1881,199,7,0.007057661091114405
1881,270,7,0.007057661091114405
1881,314,7,0.007057661091114405
1881,398,7,0.007057661091114405
1881,418,7,0.007057661091114405
1881,433,7,0.007057661091114405
1881,439,7,0.007057661091114405
1881,528,7,0.007057661091114405
1881,641,7,0.007057661091114405
1881,701,7,0.007057661091114405
1881,741,7,0.007057661091114405
1881,747,7,0.007057661091114405
1881,777,7,0.007057661091114405
1881,98,7,0.007057661091114405
1881,20,6,0.006049423792383776
1881,232,6,0.006049423792383776
1881,276,6,0.006049423792383776
1881,280,6,0.006049423792383776
1881,299,6,0.006049423792383776
1881,300,6,0.006049423792383776
1881,36,6,0.006049423792383776
1881,376,6,0.006049423792383776
1881,401,6,0.006049423792383776
1881,424,6,0.006049423792383776
1881,54,6,0.006049423792383776
1881,540,6,0.006049423792383776
1881,569,6,0.006049423792383776
1881,57,6,0.006049423792383776
1881,604,6,0.006049423792383776
1881,633,6,0.006049423792383776
1881,667,6,0.006049423792383776
1881,69,6,0.006049423792383776
1881,72,6,0.006049423792383776
1881,787,6,0.006049423792383776
1881,797,6,0.006049423792383776
1881,99,6,0.006049423792383776
1881,149,5,0.005041186493653147
1881,209,5,0.005041186493653147
1881,238,5,0.005041186493653147
1881,239,5,0.005041186493653147
1881,251,5,0.005041186493653147
1881,261,5,0.005041186493653147
1881,32,5,0.005041186493653147
1881,363,5,0.005041186493653147
1881,367,5,0.005041186493653147
1881,384,5,0.005041186493653147
1881,389,5,0.005041186493653147
1881,395,5,0.005041186493653147
1881,413,5,0.005041186493653147
1881,446,5,0.005041186493653147
1881,508,5,0.005041186493653147
1881,62,5,0.005041186493653147
1881,70,5,0.005041186493653147
1881,78,5,0.005041186493653147
1881,783,5,0.005041186493653147
1881,107,4,0.004032949194922517
1881,143,4,0.004032949194922517
1881,156,4,0.004032949194922517
1881,161,4,0.004032949194922517
1881,194,4,0.004032949194922517
1881,250,4,0.004032949194922517
1881,282,4,0.004032949194922517
1881,284,4,0.004032949194922517
1881,29,4,0.004032949194922517
1881,298,4,0.004032949194922517
1881,311,4,0.004032949194922517
1881,321,4,0.004032949194922517
1881,325,4,0.004032949194922517
1881,362,4,0.004032949194922517
1881,368,4,0.004032949194922517
1881,38,4,0.004032949194922517
1881,385,4,0.004032949194922517
1881,396,4,0.004032949194922517
1881,410,4,0.004032949194922517
1881,449,4,0.004032949194922517
1881,51,4,0.004032949194922517
1881,521,4,0.004032949194922517
1881,53,4,0.004032949194922517
1881,577,4,0.004032949194922517
1881,609,4,0.004032949194922517
1881,681,4,0.004032949194922517
1881,740,4,0.004032949194922517
1881,83,4,0.004032949194922517
1881,109,3,0.003024711896191888
1881,140,3,0.003024711896191888
1881,148,3,0.003024711896191888
1881,192,3,0.003024711896191888
1881,217,3,0.003024711896191888
1881,252,3,0.003024711896191888
1881,285,3,0.003024711896191888
1881,291,3,0.003024711896191888
1881,415,3,0.003024711896191888
1881,430,3,0.003024711896191888
1881,44,3,0.003024711896191888
1881,454,3,0.003024711896191888
1881,490,3,0.003024711896191888
1881,493,3,0.003024711896191888
1881,527,3,0.003024711896191888
1881,573,3,0.003024711896191888
1881,586,3,0.003024711896191888
1881,587,3,0.003024711896191888
1881,59,3,0.003024711896191888
1881,644,3,0.003024711896191888
1881,718,3,0.003024711896191888
1881,719,3,0.003024711896191888
1881,745,3,0.003024711896191888
1881,749,3,0.003024711896191888
1881,767,3,0.003024711896191888
1881,781,3,0.003024711896191888
1881,147,2,0.0020164745974612583
1881,17,2,0.0020164745974612583
1881,18,2,0.0020164745974612583
1881,287,2,0.0020164745974612583
1881,315,2,0.0020164745974612583
1881,337,2,0.0020164745974612583
1881,383,2,0.0020164745974612583
1881,390,2,0.0020164745974612583
1881,399,2,0.0020164745974612583
1881,411,2,0.0020164745974612583
1881,422,2,0.0020164745974612583
1881,48,2,0.0020164745974612583
1881,503,2,0.0020164745974612583
1881,518,2,0.0020164745974612583
1881,538,2,0.0020164745974612583
1881,541,2,0.0020164745974612583
1881,567,2,0.0020164745974612583
1881,589,2,0.0020164745974612583
1881,624,2,0.0020164745974612583
1881,637,2,0.0020164745974612583
1881,664,2,0.0020164745974612583
1881,694,2,0.0020164745974612583
1881,703,2,0.0020164745974612583
1881,731,2,0.0020164745974612583
1881,739,2,0.0020164745974612583
1881,753,2,0.0020164745974612583
1881,754,2,0.0020164745974612583
1881,778,2,0.0020164745974612583
1881,789,2,0.0020164745974612583
1881,126,1,0.0010082372987306291
1881,174,1,0.0010082372987306291
1881,175,1,0.0010082372987306291
1881,233,1,0.0010082372987306291
1881,31,1,0.0010082372987306291
1881,312,1,0.0010082372987306291
1881,323,1,0.0010082372987306291
1881,324,1,0.0010082372987306291
1881,342,1,0.0010082372987306291
1881,344,1,0.0010082372987306291
1881,351,1,0.0010082372987306291
1881,364,1,0.0010082372987306291
1881,372,1,0.0010082372987306291
1881,388,1,0.0010082372987306291
1881,404,1,0.0010082372987306291
1881,419,1,0.0010082372987306291
1881,471,1,0.0010082372987306291
1881,472,1,0.0010082372987306291
1881,492,1,0.0010082372987306291
1881,513,1,0.0010082372987306291
1881,535,1,0.0010082372987306291
1881,601,1,0.0010082372987306291
1881,602,1,0.0010082372987306291
1881,603,1,0.0010082372987306291
1881,605,1,0.0010082372987306291
1881,636,1,0.0010082372987306291
1881,645,1,0.0010082372987306291
1881,688,1,0.0010082372987306291
1881,702,1,0.0010082372987306291
1881,726,1,0.0010082372987306291
1881,732,1,0.0010082372987306291
1881,735,1,0.0010082372987306291
1881,737,1,0.0010082372987306291
1881,763,1,0.0010082372987306291
1881,786,1,0.0010082372987306291
1881,794,1,0.0010082372987306291
1891,177,16638,10.937777339512868
1891,761,8150,5.357788515268054
1891,120,5095,3.3494395687473295
1891,555,4656,3.0608421260230747
1891,713,4583,3.012852118463005
1891,697,3984,2.6190710975248988
1891,724,3100,2.0379318278933702
1891,202,2488,1.6356046412253886
1891,125,2356,1.5488281891989613
1891,374,2169,1.4258948821615225
1891,405,2161,1.4206357032508299
1891,711,2084,1.370016106235414
1891,551,2061,1.354895966867173
1891,666,1761,1.1576767577162015
1891,723,1749,1.1497879893501628
1891,131,1680,1.1044275712454392
1891,663,1639,1.07747427932814
1891,123,1545,1.0156789271275022
1891,537,1436,0.944022614469316
1891,572,1429,0.93942083292246
1891,409,1249,0.8210893074318772
1891,560,1146,0.7533773789567104
1891,12,1124,0.7389146369523059
1891,608,1084,0.7126187423988429
1891,709,1070,0.703415179305131
1891,628,1060,0.6968412056667653
1891,166,1052,0.6915820267560727
1891,464,1033,0.6790914768431778
1891,691,1030,0.6771192847516682
1891,722,1006,0.6613417480195904
1891,606,950,0.6245274956447424
1891,654,915,0.6015185879104625
1891,682,885,0.5817966669953654
1891,235,854,0.5614173487164317
1891,759,847,0.5568155671695757
1891,133,776,0.5101403543371791
1891,562,761,0.5002793938796305
1891,272,740,0.48647404923906257
1891,655,719,0.4726687045984946
1891,571,704,0.462807744140946
1891,179,694,0.4562337705025803
1891,549,688,0.45228938631956084
1891,14,652,0.4286230812214443
1891,118,644,0.4233639023107517
1891,770,620,0.407586365578674
1891,127,615,0.4042993787594912
1891,334,615,0.4042993787594912
1891,653,599,0.393781020938106
1891,480,597,0.3924662262104329
1891,687,588,0.38654964993590374
1891,79,551,0.36222594747395065
1891,11,543,0.35696676856325804
1891,758,542,0.35630937119942147
1891,459,538,0.3536797817440752
1891,2,532,0.34973539756105576
1891,263,524,0.3444762186503632
1891,686,512,0.33658745028432435
1891,91,505,0.3319856687374684
1891,259,504,0.3313282713736318
1891,436,502,0.33001347664595865
1891,579,497,0.32672648982677577
1891,421,495,0.32541169509910267
1891,467,486,0.3194951188245735
1891,429,484,0.3181803240969004
1891,607,480,0.3155507346415541
1891,168,478,0.31423593991388094
1891,369,472,0.31029155573086153
1891,485,468,0.30766196627551523
1891,90,464,0.3050323768201689
1891,105,456,0.2997731979094764
1891,412,451,0.29648621109029355
1891,762,451,0.29648621109029355
1891,279,450,0.295828813726457
1891,244,445,0.2925418269072741
1891,381,439,0.2885974427242547
1891,680,438,0.2879400453604181
1891,183,433,0.28465305854123524
1891,414,433,0.28465305854123524
1891,498,433,0.28465305854123524
1891,482,425,0.2793938796305427
1891,329,415,0.272819905992177
1891,111,411,0.2701903165368307
1891,262,410,0.2695329191729941
1891,134,406,0.26690332971764785
1891,6,406,0.26690332971764785
1891,692,401,0.263616342898465
1891,558,400,0.2629589455346284
1891,622,396,0.26032935607928215
1891,241,390,0.2563849718962627
1891,529,388,0.25507017716858954
1891,124,386,0.2537553824409164
1891,766,386,0.2537553824409164
1891,712,366,0.24060743516418498
1891,283,352,0.231403872070473
1891,699,350,0.23008907734279985
1891,519,339,0.22285770634059757
1891,13,334,0.21957071952141471
1891,768,330,0.21694113006606844
1891,121,327,0.2149689379745587
1891,139,326,0.21431154061072216
1891,462,325,0.21365414324688559
1891,662,322,0.21168195115537586
1891,253,309,0.20313578542550045
1891,165,304,0.1998487986063176
1891,461,304,0.1998487986063176
1891,543,303,0.19919140124248103
1891,286,301,0.19787660651480787
1891,453,288,0.18933044078493244
1891,275,287,0.1886730434210959
1891,536,285,0.18735824869342274
1891,224,282,0.185386056601913
1891,708,272,0.1788120829635473
1891,677,263,0.17289550668901818
1891,130,257,0.16895112250599875
1891,185,256,0.16829372514216218
1891,27,252,0.1656641356868159
1891,294,242,0.1590901620484502
1891,141,237,0.15580317522926734
1891,643,237,0.15580317522926734
1891,119,236,0.15514577786543077
1891,717,236,0.15514577786543077
1891,348,234,0.15383098313775762
1891,593,228,0.1498865989547382
1891,432,227,0.1492292015909016
1891,651,223,0.14659961213555533
1891,714,223,0.14659961213555533
1891,707,221,0.14528481740788218
1891,260,218,0.14331262531637248
1891,181,216,0.14199783058869933
1891,382,213,0.14002563849718963
1891,756,212,0.13936824113335305
1891,592,211,0.13871084376951648
1891,246,210,0.1380534464056799
1891,219,208,0.13673865167800678
1891,269,202,0.13279426749498735
1891,451,202,0.13279426749498735
1891,613,196,0.12884988331196792
1891,542,195,0.12819248594813135
1891,470,194,0.12753508858429477
1891,106,192,0.12622029385662165
1891,173,183,0.12030371758209249
1891,116,180,0.11833152549058279
1891,242,179,0.11767412812674621
1891,167,178,0.11701673076290964
1891,172,178,0.11701673076290964
1891,457,177,0.11635933339907308
1891,93,176,0.1157019360352365
1891,365,173,0.11372974394372679
1891,568,171,0.11241494921605365
1891,265,168,0.11044275712454393
1891,509,168,0.11044275712454393
1891,37,166,0.1091279623968708
1891,1,164,0.10781316766919764
1891,158,163,0.10715577030536108
1891,706,162,0.1064983729415245
1891,548,161,0.10584097557768793
1891,465,160,0.10518357821385137
1891,565,156,0.10255398875850508
1891,583,156,0.10255398875850508
1891,61,153,0.10058179666699536
1891,727,151,0.09926700193932222
1891,484,150,0.09860960457548565
1891,200,147,0.09663741248397593
1891,547,146,0.09598001512013937
1891,531,144,0.09466522039246622
1891,596,144,0.09466522039246622
1891,440,139,0.09137823357328337
1891,370,138,0.0907208362094468
1891,473,138,0.0907208362094468
1891,765,138,0.0907208362094468
1891,247,136,0.08940604148177365
1891,135,132,0.08677645202642738
1891,425,132,0.08677645202642738
1891,198,131,0.0861190546625908
1891,438,129,0.08480425993491766
1891,15,128,0.08414686257108109
1891,533,127,0.08348946520724451
1891,487,125,0.08217467047957137
1891,771,125,0.08217467047957137
1891,437,122,0.08020247838806166
1891,561,122,0.08020247838806166
1891,566,121,0.0795450810242251
1891,685,121,0.0795450810242251
1891,489,120,0.07888768366038852
1891,443,119,0.07823028629655195
1891,516,119,0.07823028629655195
1891,580,119,0.07823028629655195
1891,657,119,0.07823028629655195
1891,162,117,0.07691549156887881
1891,574,117,0.07691549156887881
1891,170,115,0.07560069684120567
1891,730,115,0.07560069684120567
1891,428,114,0.0749432994773691
1891,55,114,0.0749432994773691
1891,550,113,0.07428590211353253
1891,764,112,0.07362850474969596
1891,216,111,0.07297110738585938
1891,292,111,0.07297110738585938
1891,479,110,0.07231371002202282
1891,267,109,0.07165631265818624
1891,452,109,0.07165631265818624
1891,698,109,0.07165631265818624
1891,266,108,0.07099891529434967
1891,290,108,0.07099891529434967
1891,136,106,0.06968412056667653
1891,506,106,0.06968412056667653
1891,659,106,0.06968412056667653
1891,788,106,0.06968412056667653
1891,289,105,0.06902672320283995
1891,625,105,0.06902672320283995
1891,715,105,0.06902672320283995
1891,248,104,0.06836932583900339
1891,556,104,0.06836932583900339
1891,796,104,0.06836932583900339
1891,360,103,0.06771192847516681
1891,507,103,0.06771192847516681
1891,154,101,0.06639713374749368
1891,229,101,0.06639713374749368
1891,546,100,0.0657397363836571
1891,695,100,0.0657397363836571
1891,318,99,0.06508233901982054
1891,319,99,0.06508233901982054
1891,481,99,0.06508233901982054
1891,544,99,0.06508233901982054
1891,352,97,0.06376754429214739
1891,526,97,0.06376754429214739
1891,112,96,0.06311014692831082
1891,616,94,0.06179535220063768
1891,769,92,0.06048055747296453
1891,103,91,0.059823160109127964
1891,214,91,0.059823160109127964
1891,313,91,0.059823160109127964
1891,87,90,0.059165762745291395
1891,254,89,0.05850836538145482
1891,510,87,0.05719357065378168
1891,710,87,0.05719357065378168
1891,258,86,0.056536173289945105
1891,474,86,0.056536173289945105
1891,650,86,0.056536173289945105
1891,274,85,0.055878775926108536
1891,488,85,0.055878775926108536
1891,159,83,0.0545639811984354
1891,35,83,0.0545639811984354
1891,502,83,0.0545639811984354
1891,693,83,0.0545639811984354
1891,638,82,0.05390658383459882
1891,359,80,0.052591789106925683
1891,302,79,0.05193439174308911
1891,658,79,0.05193439174308911
1891,157,77,0.05061959701541597
1891,278,77,0.05061959701541597
1891,476,77,0.05061959701541597
1891,184,76,0.0499621996515794
1891,559,76,0.0499621996515794
1891,114,75,0.049304802287742824
1891,512,75,0.049304802287742824
1891,84,75,0.049304802287742824
1891,52,74,0.048647404923906255
1891,142,73,0.047990007560069686
1891,295,73,0.047990007560069686
1891,362,73,0.047990007560069686
1891,478,73,0.047990007560069686
1891,163,72,0.04733261019623311
1891,301,71,0.04667521283239654
1891,47,70,0.04601781546855997
1891,640,70,0.04601781546855997
1891,725,70,0.04601781546855997
1891,744,70,0.04601781546855997
1891,630,69,0.0453604181047234
1891,599,68,0.04470302074088683
1891,552,66,0.04338822601321369
1891,9,66,0.04338822601321369
1891,204,65,0.04273082864937711
1891,496,65,0.04273082864937711
1891,4,64,0.042073431285540544
1891,530,64,0.042073431285540544
1891,721,64,0.042073431285540544
1891,80,64,0.042073431285540544
1891,108,63,0.041416033921703975
1891,293,62,0.040758636557867406
1891,620,62,0.040758636557867406
1891,97,61,0.04010123919403083
1891,366,60,0.03944384183019426
1891,627,59,0.03878644446635769
1891,631,59,0.03878644446635769
1891,8,59,0.03878644446635769
1891,317,58,0.038129047102521116
1891,646,58,0.038129047102521116
1891,81,57,0.03747164973868455
1891,164,56,0.03681425237484798
1891,378,56,0.03681425237484798
1891,380,56,0.03681425237484798
1891,728,56,0.03681425237484798
1891,632,55,0.03615685501101141
1891,757,55,0.03615685501101141
1891,196,54,0.03549945764717483
1891,207,54,0.03549945764717483
1891,426,54,0.03549945764717483
1891,539,54,0.03549945764717483
1891,455,52,0.034184662919501695
1891,647,52,0.034184662919501695
1891,122,51,0.03352726555566512
1891,441,51,0.03352726555566512
1891,610,51,0.03352726555566512
1891,497,50,0.03286986819182855
1891,5,50,0.03286986819182855
1891,203,49,0.03221247082799198
1891,271,49,0.03221247082799198
1891,306,49,0.03221247082799198
1891,42,49,0.03221247082799198
1891,463,49,0.03221247082799198
1891,469,49,0.03221247082799198
1891,557,49,0.03221247082799198
1891,340,48,0.03155507346415541
1891,520,48,0.03155507346415541
1891,117,47,0.03089767610031884
1891,160,47,0.03089767610031884
1891,386,47,0.03089767610031884
1891,679,47,0.03089767610031884
1891,750,47,0.03089767610031884
1891,230,46,0.030240278736482266
1891,280,46,0.030240278736482266
1891,434,46,0.030240278736482266
1891,466,46,0.030240278736482266
1891,201,45,0.029582881372645697
1891,308,44,0.028925484008809125
1891,456,44,0.028925484008809125
1891,51,44,0.028925484008809125
1891,584,44,0.028925484008809125
1891,619,44,0.028925484008809125
1891,64,44,0.028925484008809125
1891,226,43,0.028268086644972552
1891,243,43,0.028268086644972552
1891,303,43,0.028268086644972552
1891,444,43,0.028268086644972552
1891,690,43,0.028268086644972552
1891,716,43,0.028268086644972552
1891,169,42,0.027610689281135983
1891,576,42,0.027610689281135983
1891,597,42,0.027610689281135983
1891,618,42,0.027610689281135983
1891,683,42,0.027610689281135983
1891,689,42,0.027610689281135983
1891,75,42,0.027610689281135983
1891,393,41,0.02695329191729941
1891,731,41,0.02695329191729941
1891,39,40,0.026295894553462842
1891,591,40,0.026295894553462842
1891,137,39,0.02563849718962627
1891,268,39,0.02563849718962627
1891,477,39,0.02563849718962627
1891,694,39,0.02563849718962627
1891,94,39,0.02563849718962627
1891,113,38,0.0249810998257897
1891,146,38,0.0249810998257897
1891,182,38,0.0249810998257897
1891,40,38,0.0249810998257897
1891,500,38,0.0249810998257897
1891,649,38,0.0249810998257897
1891,751,38,0.0249810998257897
1891,41,37,0.024323702461953128
1891,525,37,0.024323702461953128
1891,132,36,0.023666305098116555
1891,190,36,0.023666305098116555
1891,450,36,0.023666305098116555
1891,483,36,0.023666305098116555
1891,594,36,0.023666305098116555
1891,65,36,0.023666305098116555
1891,668,36,0.023666305098116555
1891,115,35,0.023008907734279986
1891,153,35,0.023008907734279986
1891,612,35,0.023008907734279986
1891,205,34,0.022351510370443414
1891,349,34,0.022351510370443414
1891,611,34,0.022351510370443414
1891,63,34,0.022351510370443414
1891,178,33,0.021694113006606845
1891,211,33,0.021694113006606845
1891,261,33,0.021694113006606845
1891,28,33,0.021694113006606845
1891,331,33,0.021694113006606845
1891,417,33,0.021694113006606845
1891,435,33,0.021694113006606845
1891,676,33,0.021694113006606845
1891,791,33,0.021694113006606845
1891,227,32,0.021036715642770272
1891,257,32,0.021036715642770272
1891,282,32,0.021036715642770272
1891,333,32,0.021036715642770272
1891,407,32,0.021036715642770272
1891,515,32,0.021036715642770272
1891,635,32,0.021036715642770272
1891,354,31,0.020379318278933703
1891,356,31,0.020379318278933703
1891,46,31,0.020379318278933703
1891,623,31,0.020379318278933703
1891,669,31,0.020379318278933703
1891,100,30,0.01972192091509713
1891,281,30,0.01972192091509713
1891,287,30,0.01972192091509713
1891,311,30,0.01972192091509713
1891,379,30,0.01972192091509713
1891,399,30,0.01972192091509713
1891,433,30,0.01972192091509713
1891,617,30,0.01972192091509713
1891,128,29,0.019064523551260558
1891,511,29,0.019064523551260558
1891,578,29,0.019064523551260558
1891,76,29,0.019064523551260558
1891,145,28,0.01840712618742399
1891,377,28,0.01840712618742399
1891,505,28,0.01840712618742399
1891,656,28,0.01840712618742399
1891,726,28,0.01840712618742399
1891,210,27,0.017749728823587416
1891,237,27,0.017749728823587416
1891,316,27,0.017749728823587416
1891,648,27,0.017749728823587416
1891,696,27,0.017749728823587416
1891,138,26,0.017092331459750847
1891,206,26,0.017092331459750847
1891,270,26,0.017092331459750847
1891,389,26,0.017092331459750847
1891,634,26,0.017092331459750847
1891,89,26,0.017092331459750847
1891,102,25,0.016434934095914275
1891,336,25,0.016434934095914275
1891,345,25,0.016434934095914275
1891,468,25,0.016434934095914275
1891,494,25,0.016434934095914275
1891,508,25,0.016434934095914275
1891,62,25,0.016434934095914275
1891,660,25,0.016434934095914275
1891,674,25,0.016434934095914275
1891,776,25,0.016434934095914275
1891,439,24,0.015777536732077706
1891,524,24,0.015777536732077706
1891,53,24,0.015777536732077706
1891,582,24,0.015777536732077706
1891,678,24,0.015777536732077706
1891,151,23,0.015120139368241133
1891,186,23,0.015120139368241133
1891,387,23,0.015120139368241133
1891,588,23,0.015120139368241133
1891,778,23,0.015120139368241133
1891,78,23,0.015120139368241133
1891,780,23,0.015120139368241133
1891,110,22,0.014462742004404562
1891,16,22,0.014462742004404562
1891,309,22,0.014462742004404562
1891,326,22,0.014462742004404562
1891,347,22,0.014462742004404562
1891,398,22,0.014462742004404562
1891,595,22,0.014462742004404562
1891,626,22,0.014462742004404562
1891,661,22,0.014462742004404562
1891,773,22,0.014462742004404562
1891,221,21,0.013805344640567992
1891,307,21,0.013805344640567992
1891,400,21,0.013805344640567992
1891,447,21,0.013805344640567992
1891,564,21,0.013805344640567992
1891,605,21,0.013805344640567992
1891,633,21,0.013805344640567992
1891,671,21,0.013805344640567992
1891,704,21,0.013805344640567992
1891,734,21,0.013805344640567992
1891,321,20,0.013147947276731421
1891,343,20,0.013147947276731421
1891,486,20,0.013147947276731421
1891,501,20,0.013147947276731421
1891,522,20,0.013147947276731421
1891,720,20,0.013147947276731421
1891,77,20,0.013147947276731421
1891,251,19,0.01249054991289485
1891,277,19,0.01249054991289485
1891,357,19,0.01249054991289485
1891,56,19,0.01249054991289485
1891,67,19,0.01249054991289485
1891,255,18,0.011833152549058278
1891,285,18,0.011833152549058278
1891,297,18,0.011833152549058278
1891,385,18,0.011833152549058278
1891,614,18,0.011833152549058278
1891,624,18,0.011833152549058278
1891,72,18,0.011833152549058278
1891,180,17,0.011175755185221707
1891,217,17,0.011175755185221707
1891,581,17,0.011175755185221707
1891,652,17,0.011175755185221707
1891,700,17,0.011175755185221707
1891,767,17,0.011175755185221707
1891,88,17,0.011175755185221707
1891,188,16,0.010518357821385136
1891,208,16,0.010518357821385136
1891,22,16,0.010518357821385136
1891,225,16,0.010518357821385136
1891,264,16,0.010518357821385136
1891,323,16,0.010518357821385136
1891,358,16,0.010518357821385136
1891,545,16,0.010518357821385136
1891,670,16,0.010518357821385136
1891,673,16,0.010518357821385136
1891,69,16,0.010518357821385136
1891,73,16,0.010518357821385136
1891,171,15,0.009860960457548565
1891,325,15,0.009860960457548565
1891,339,15,0.009860960457548565
1891,367,15,0.009860960457548565
1891,397,15,0.009860960457548565
1891,491,15,0.009860960457548565
1891,598,15,0.009860960457548565
1891,684,15,0.009860960457548565
1891,70,15,0.009860960457548565
1891,701,15,0.009860960457548565
1891,109,14,0.009203563093711994
1891,129,14,0.009203563093711994
1891,372,14,0.009203563093711994
1891,388,14,0.009203563093711994
1891,573,14,0.009203563093711994
1891,575,14,0.009203563093711994
1891,589,14,0.009203563093711994
1891,775,14,0.009203563093711994
1891,233,13,0.008546165729875424
1891,245,13,0.008546165729875424
1891,273,13,0.008546165729875424
1891,3,13,0.008546165729875424
1891,314,13,0.008546165729875424
1891,384,13,0.008546165729875424
1891,395,13,0.008546165729875424
1891,401,13,0.008546165729875424
1891,442,13,0.008546165729875424
1891,503,13,0.008546165729875424
1891,585,13,0.008546165729875424
1891,641,13,0.008546165729875424
1891,66,13,0.008546165729875424
1891,703,13,0.008546165729875424
1891,777,13,0.008546165729875424
1891,99,13,0.008546165729875424
1891,10,12,0.007888768366038853
1891,276,12,0.007888768366038853
1891,392,12,0.007888768366038853
1891,410,12,0.007888768366038853
1891,415,12,0.007888768366038853
1891,521,12,0.007888768366038853
1891,781,12,0.007888768366038853
1891,101,11,0.007231371002202281
1891,199,11,0.007231371002202281
1891,220,11,0.007231371002202281
1891,249,11,0.007231371002202281
1891,284,11,0.007231371002202281
1891,376,11,0.007231371002202281
1891,411,11,0.007231371002202281
1891,458,11,0.007231371002202281
1891,475,11,0.007231371002202281
1891,492,11,0.007231371002202281
1891,538,11,0.007231371002202281
1891,540,11,0.007231371002202281
1891,554,11,0.007231371002202281
1891,569,11,0.007231371002202281
1891,57,11,0.007231371002202281
1891,58,11,0.007231371002202281
1891,741,11,0.007231371002202281
1891,742,11,0.007231371002202281
1891,82,11,0.007231371002202281
1891,33,10,0.0065739736383657104
1891,586,10,0.0065739736383657104
1891,601,10,0.0065739736383657104
1891,733,10,0.0065739736383657104
1891,736,10,0.0065739736383657104
1891,999,10,0.0065739736383657104
1891,147,9,0.005916576274529139
1891,239,9,0.005916576274529139
1891,25,9,0.005916576274529139
1891,296,9,0.005916576274529139
1891,30,9,0.005916576274529139
1891,416,9,0.005916576274529139
1891,424,9,0.005916576274529139
1891,490,9,0.005916576274529139
1891,50,9,0.005916576274529139
1891,518,9,0.005916576274529139
1891,570,9,0.005916576274529139
1891,664,9,0.005916576274529139
1891,665,9,0.005916576274529139
1891,667,9,0.005916576274529139
1891,749,9,0.005916576274529139
1891,774,9,0.005916576274529139
1891,782,9,0.005916576274529139
1891,140,8,0.005259178910692568
1891,143,8,0.005259178910692568
1891,291,8,0.005259178910692568
1891,34,8,0.005259178910692568
1891,355,8,0.005259178910692568
1891,404,8,0.005259178910692568
1891,44,8,0.005259178910692568
1891,448,8,0.005259178910692568
1891,59,8,0.005259178910692568
1891,156,7,0.004601781546855997
1891,209,7,0.004601781546855997
1891,298,7,0.004601781546855997
1891,299,7,0.004601781546855997
1891,363,7,0.004601781546855997
1891,396,7,0.004601781546855997
1891,43,7,0.004601781546855997
1891,430,7,0.004601781546855997
1891,471,7,0.004601781546855997
1891,493,7,0.004601781546855997
1891,54,7,0.004601781546855997
1891,604,7,0.004601781546855997
1891,83,7,0.004601781546855997
1891,126,6,0.0039443841830194264
1891,174,6,0.0039443841830194264
1891,193,6,0.0039443841830194264
1891,238,6,0.0039443841830194264
1891,305,6,0.0039443841830194264
1891,310,6,0.0039443841830194264
1891,312,6,0.0039443841830194264
1891,315,6,0.0039443841830194264
1891,327,6,0.0039443841830194264
1891,350,6,0.0039443841830194264
1891,38,6,0.0039443841830194264
1891,446,6,0.0039443841830194264
1891,449,6,0.0039443841830194264
1891,563,6,0.0039443841830194264
1891,577,6,0.0039443841830194264
1891,615,6,0.0039443841830194264
1891,718,6,0.0039443841830194264
1891,740,6,0.0039443841830194264
1891,747,6,0.0039443841830194264
1891,753,6,0.0039443841830194264
1891,779,6,0.0039443841830194264
1891,783,6,0.0039443841830194264
1891,85,6,0.0039443841830194264
1891,148,5,0.0032869868191828552
1891,161,5,0.0032869868191828552
1891,232,5,0.0032869868191828552
1891,250,5,0.0032869868191828552
1891,383,5,0.0032869868191828552
1891,390,5,0.0032869868191828552
1891,408,5,0.0032869868191828552
1891,420,5,0.0032869868191828552
1891,445,5,0.0032869868191828552
1891,499,5,0.0032869868191828552
1891,534,5,0.0032869868191828552
1891,541,5,0.0032869868191828552
1891,553,5,0.0032869868191828552
1891,602,5,0.0032869868191828552
1891,644,5,0.0032869868191828552
1891,739,5,0.0032869868191828552
1891,797,5,0.0032869868191828552
1891,107,4,0.002629589455346284
1891,19,4,0.002629589455346284
1891,330,4,0.002629589455346284
1891,36,4,0.002629589455346284
1891,364,4,0.002629589455346284
1891,418,4,0.002629589455346284
1891,422,4,0.002629589455346284
1891,472,4,0.002629589455346284
1891,514,4,0.002629589455346284
1891,527,4,0.002629589455346284
1891,528,4,0.002629589455346284
1891,535,4,0.002629589455346284
1891,60,4,0.002629589455346284
1891,603,4,0.002629589455346284
1891,675,4,0.002629589455346284
1891,737,4,0.002629589455346284
1891,743,4,0.002629589455346284
1891,745,4,0.002629589455346284
1891,786,4,0.002629589455346284
1891,187,3,0.0019721920915097132
1891,24,3,0.0019721920915097132
1891,252,3,0.0019721920915097132
1891,368,3,0.0019721920915097132
1891,45,3,0.0019721920915097132
1891,454,3,0.0019721920915097132
1891,48,3,0.0019721920915097132
1891,645,3,0.0019721920915097132
1891,719,3,0.0019721920915097132
1891,735,3,0.0019721920915097132
1891,738,3,0.0019721920915097132
1891,755,3,0.0019721920915097132
1891,760,3,0.0019721920915097132
1891,763,3,0.0019721920915097132
1891,772,3,0.0019721920915097132
1891,787,3,0.0019721920915097132
1891,95,3,0.0019721920915097132
1891,149,2,0.001314794727673142
1891,17,2,0.001314794727673142
1891,20,2,0.001314794727673142
1891,228,2,0.001314794727673142
1891,29,2,0.001314794727673142
1891,304,2,0.001314794727673142
1891,32,2,0.001314794727673142
1891,324,2,0.001314794727673142
1891,342,2,0.001314794727673142
1891,403,2,0.001314794727673142
1891,406,2,0.001314794727673142
1891,413,2,0.001314794727673142
1891,427,2,0.001314794727673142
1891,431,2,0.001314794727673142
1891,49,2,0.001314794727673142
1891,517,2,0.001314794727673142
1891,567,2,0.001314794727673142
1891,587,2,0.001314794727673142
1891,636,2,0.001314794727673142
1891,637,2,0.001314794727673142
1891,7,2,0.001314794727673142
1891,754,2,0.001314794727673142
1891,794,2,0.001314794727673142
1891,98,2,0.001314794727673142
1891,150,1,6.57397363836571e-4
1891,18,1,6.57397363836571e-4
1891,194,1,6.57397363836571e-4
1891,231,1,6.57397363836571e-4
1891,337,1,6.57397363836571e-4
1891,338,1,6.57397363836571e-4
1891,344,1,6.57397363836571e-4
1891,351,1,6.57397363836571e-4
1891,419,1,6.57397363836571e-4
1891,423,1,6.57397363836571e-4
1891,532,1,6.57397363836571e-4
1891,600,1,6.57397363836571e-4
1891,609,1,6.57397363836571e-4
1891,639,1,6.57397363836571e-4
1891,681,1,6.57397363836571e-4
1891,732,1,6.57397363836571e-4
1891,746,1,6.57397363836571e-4
1891,784,1,6.57397363836571e-4
1891,789,1,6.57397363836571e-4
1901,177,18541,7.585278643723869
1901,120,9991,4.087401916263695
1901,697,8489,3.472921115720399
1901,713,7445,3.045811957419999
1901,724,5457,2.2325044797368614
1901,555,5443,2.2267769622883886
1901,761,5334,2.1821841478681363
1901,405,4434,1.8139865976091705
1901,131,4265,1.7448472798383203
1901,551,4052,1.6577071929436984
1901,666,3590,1.4686991171440962
1901,125,3368,1.3778770547468846
1901,202,3356,1.372967754076765
1901,409,3174,1.2985100272466188
1901,711,3173,1.2981009188574422
1901,663,3123,1.2776454993986106
1901,123,2873,1.1753684021044535
1901,374,2755,1.1270936121816113
1901,682,2414,0.9875876514723811
1901,723,2278,0.9319489105443596
1901,464,2023,0.8276262713043193
1901,537,2005,0.82026232029914
1901,691,1963,0.8030797679537217
1901,628,1912,0.7822152401057136
1901,722,1829,0.7482592438040534
1901,105,1735,0.7098030552214504
1901,709,1672,0.6840292267033228
1901,560,1588,0.649664122012486
1901,436,1585,0.6484367968449561
1901,412,1511,0.6181627760458855
1901,235,1474,0.6030257656463504
1901,12,1424,0.5825703461875189
1901,572,1421,0.581343021019989
1901,759,1409,0.5764337203498695
1901,133,1386,0.5670242273988071
1901,166,1361,0.5567965176693913
1901,381,1239,0.5068852941898426
1901,655,1220,0.4991122347954867
1901,179,1172,0.4794750321150085
1901,421,1165,0.47661127339077214
1901,79,1145,0.4684291056072396
1901,459,1136,0.4647471301046499
1901,654,1135,0.4643380217154733
1901,429,1114,0.4557467455427641
1901,485,1087,0.44470081903499514
1901,687,1040,0.4254727247436936
1901,272,1037,0.4242453995761637
1901,259,1007,0.41197214790086484
1901,198,985,0.40297176333897905
1901,369,963,0.3939713787770932
1901,680,961,0.39315316199873995
1901,770,959,0.3923349452203867
1901,118,957,0.39151672844203345
1901,549,946,0.3870165361610905
1901,279,941,0.38497099421520736
1901,699,921,0.37678882643167483
1901,244,912,0.37310685092908513
1901,692,903,0.3694248754264955
1901,756,889,0.3636973579780227
1901,482,876,0.3583789489187265
1901,414,840,0.3436510469083679
1901,334,828,0.3387417462382484
1901,2,815,0.3334233371789522
1901,14,813,0.3326051204005989
1901,686,802,0.328104928119656
1901,562,792,0.32401384422788976
1901,432,777,0.3178772183902403
1901,480,774,0.3166498932227104
1901,134,766,0.3133770261092974
1901,263,766,0.3133770261092974
1901,608,749,0.3064221834932947
1901,183,739,0.30233109960152843
1901,127,737,0.3015128828231752
1901,571,736,0.30110377443399855
1901,139,727,0.2974217989314089
1901,758,700,0.28637587242363993
1901,262,663,0.2712388620241047
1901,91,660,0.2700115368565748
1901,519,655,0.2679659949106916
1901,529,645,0.26387491101892535
1901,536,644,0.2634658026297487
1901,130,640,0.2618293690730422
1901,451,638,0.26101115229468896
1901,717,634,0.25937471873798246
1901,707,619,0.253238092900333
1901,558,607,0.24832879223021348
1901,253,595,0.24341949156009393
1901,467,571,0.23360089021985486
1901,662,567,0.23196445666314833
1901,498,564,0.23073713149561845
1901,168,558,0.2282824811605587
1901,727,553,0.22623693921467553
1901,90,550,0.22500961404714565
1901,579,549,0.22460050565796902
1901,275,545,0.2229640721012625
1901,543,545,0.2229640721012625
1901,622,542,0.22173674693373263
1901,606,536,0.21928209659867284
1901,224,533,0.21805477143114296
1901,653,529,0.21641833787443646
1901,329,525,0.21478190431772995
1901,124,523,0.2139636875393767
1901,708,522,0.21355457915020004
1901,712,517,0.2115090372043169
1901,453,499,0.2041450861991376
1901,141,490,0.20046311069654793
1901,13,488,0.19964489391819468
1901,286,483,0.19759935197231154
1901,462,481,0.1967811351939583
1901,677,480,0.19637202680478166
1901,11,458,0.18737164224289582
1901,531,438,0.17918947445936326
1901,165,434,0.17755304090265675
1901,196,427,0.17468928217842036
1901,461,425,0.17387106540006708
1901,714,421,0.17223463184336057
1901,764,415,0.16977998150830081
1901,1,413,0.16896176472994756
1901,200,412,0.16855265634077093
1901,27,411,0.1681435479515943
1901,766,406,0.16609800600571115
1901,241,402,0.16446157244900464
1901,593,400,0.16364335567065139
1901,533,398,0.16282513889229813
1901,592,398,0.16282513889229813
1901,715,395,0.16159781372476825
1901,382,388,0.15873405500053184
1901,116,385,0.15750672983300196
1901,643,384,0.15709762144382533
1901,6,377,0.15423386271958892
1901,542,362,0.14809723688193951
1901,706,361,0.14768812849276286
1901,348,358,0.14646080332523298
1901,438,358,0.14646080332523298
1901,548,351,0.1435970446009966
1901,425,350,0.14318793621181997
1901,260,349,0.14277882782264334
1901,111,347,0.14196061104429009
1901,685,347,0.14196061104429009
1901,283,346,0.14155150265511346
1901,265,342,0.13991506909840692
1901,119,340,0.13909685232005367
1901,278,323,0.132142009704051
1901,428,321,0.13132379292569774
1901,768,315,0.12886914259063798
1901,762,313,0.1280509258122847
1901,167,312,0.12764181742310807
1901,443,311,0.12723270903393144
1901,509,311,0.12723270903393144
1901,561,311,0.12723270903393144
1901,489,308,0.12600538386640156
1901,484,301,0.12314162514216516
1901,565,301,0.12314162514216516
1901,698,301,0.12314162514216516
1901,365,298,0.12191429997463528
1901,730,297,0.12150519158545865
1901,294,287,0.11741410769369237
1901,516,286,0.11700499930451574
1901,547,285,0.1165958909153391
1901,616,285,0.1165958909153391
1901,452,279,0.11414124058027934
1901,651,277,0.11332302380192608
1901,457,275,0.11250480702357282
1901,269,269,0.11005015668851305
1901,470,269,0.11005015668851305
1901,246,268,0.10964104829933642
1901,184,266,0.10882283152098317
1901,465,264,0.10800461474262991
1901,267,263,0.10759550635345329
1901,487,262,0.10718639796427666
1901,185,261,0.10677728957510002
1901,478,260,0.1063681811859234
1901,219,257,0.10514085601839351
1901,242,256,0.10473174762921689
1901,725,256,0.10473174762921689
1901,526,255,0.10432263924004026
1901,360,250,0.10227709729415711
1901,37,249,0.10186798890498049
1901,93,249,0.10186798890498049
1901,659,247,0.10104977212662723
1901,112,246,0.1006406637374506
1901,437,246,0.1006406637374506
1901,695,246,0.1006406637374506
1901,216,243,0.09941333856992071
1901,765,242,0.09900423018074408
1901,87,241,0.09859512179156746
1901,302,237,0.09695868823486094
1901,440,237,0.09695868823486094
1901,170,236,0.09654957984568431
1901,566,233,0.09532225467815443
1901,290,232,0.0949131462889778
1901,173,231,0.09450403789980118
1901,370,224,0.09164027917556478
1901,289,223,0.09123117078638815
1901,287,219,0.08959473722968163
1901,172,217,0.08877652045132838
1901,583,217,0.08877652045132838
1901,121,212,0.08673097850544523
1901,313,212,0.08673097850544523
1901,473,211,0.0863218701162686
1901,550,211,0.0863218701162686
1901,362,210,0.08591276172709197
1901,158,209,0.08550365333791535
1901,638,209,0.08550365333791535
1901,254,208,0.08509454494873872
1901,319,207,0.0846854365595621
1901,103,206,0.08427632817038547
1901,154,206,0.08427632817038547
1901,162,206,0.08427632817038547
1901,546,205,0.08386721978120883
1901,106,201,0.08223078622450232
1901,506,200,0.08182167783532569
1901,507,198,0.08100346105697244
1901,607,196,0.08018524427861917
1901,136,192,0.07854881072191267
1901,556,192,0.07854881072191267
1901,474,191,0.07813970233273604
1901,135,190,0.07773059394355941
1901,568,190,0.07773059394355941
1901,199,189,0.07732148555438279
1901,657,189,0.07732148555438279
1901,625,187,0.07650326877602952
1901,599,180,0.07363951005179312
1901,544,179,0.07323040166261649
1901,35,178,0.07282129327343986
1901,142,175,0.07159396810590998
1901,620,175,0.07159396810590998
1901,552,174,0.07118485971673336
1901,658,169,0.06913931777085021
1901,510,168,0.06873020938167358
1901,640,168,0.06873020938167358
1901,340,166,0.06791199260332033
1901,441,166,0.06791199260332033
1901,771,165,0.0675028842141437
1901,352,162,0.06627555904661381
1901,301,161,0.06586645065743718
1901,574,161,0.06586645065743718
1901,247,160,0.06545734226826055
1901,318,159,0.06504823387908393
1901,559,154,0.06300269193320078
1901,744,149,0.06095714998731764
1901,539,148,0.06054804159814101
1901,479,147,0.060138933208964386
1901,248,146,0.05972982481978775
1901,266,146,0.05972982481978775
1901,181,145,0.059320716430611126
1901,378,144,0.0589116080414345
1901,512,142,0.05809339126308124
1901,204,141,0.05768428287390461
1901,229,141,0.05768428287390461
1901,47,141,0.05768428287390461
1901,596,141,0.05768428287390461
1901,728,141,0.05768428287390461
1901,243,139,0.05686606609555136
1901,690,138,0.056456957706374725
1901,366,135,0.055229632538844844
1901,613,135,0.055229632538844844
1901,398,134,0.05482052414966821
1901,163,129,0.05277498220378507
1901,502,129,0.05277498220378507
1901,530,127,0.05195676542543182
1901,693,127,0.05195676542543182
1901,4,125,0.051138548647078556
1901,481,125,0.051138548647078556
1901,295,124,0.05072944025790193
1901,439,123,0.0503203318687253
1901,435,122,0.04991122347954867
1901,55,122,0.04991122347954867
1901,710,122,0.04991122347954867
1901,557,121,0.04950211509037204
1901,80,121,0.04950211509037204
1901,108,120,0.049093006701195416
1901,716,120,0.049093006701195416
1901,488,119,0.04868389831201879
1901,647,119,0.04868389831201879
1901,630,118,0.048274789922842155
1901,292,117,0.04786568153366553
1901,796,117,0.04786568153366553
1901,469,116,0.0474565731444889
1901,230,115,0.047047464755312275
1901,146,113,0.046229247976959015
1901,646,113,0.046229247976959015
1901,580,112,0.04582013958778239
1901,285,111,0.04541103119860576
1901,417,111,0.04541103119860576
1901,476,111,0.04541103119860576
1901,611,111,0.04541103119860576
1901,110,110,0.04500192280942913
1901,264,110,0.04500192280942913
1901,214,109,0.0445928144202525
1901,114,108,0.044183706031075874
1901,258,108,0.044183706031075874
1901,456,108,0.044183706031075874
1901,726,108,0.044183706031075874
1901,444,107,0.04377459764189925
1901,308,105,0.04295638086354599
1901,496,105,0.04295638086354599
1901,627,105,0.04295638086354599
1901,169,104,0.04254727247436936
1901,81,104,0.04254727247436936
1901,372,103,0.042138164085192734
1901,676,103,0.042138164085192734
1901,102,102,0.0417290556960161
1901,631,102,0.0417290556960161
1901,694,102,0.0417290556960161
1901,15,101,0.04131994730683947
1901,274,101,0.04131994730683947
1901,306,101,0.04131994730683947
1901,380,101,0.04131994730683947
1901,466,100,0.040910838917662846
1901,618,100,0.040910838917662846
1901,75,100,0.040910838917662846
1901,359,99,0.04050173052848622
1901,500,99,0.04050173052848622
1901,182,98,0.040092622139309586
1901,483,98,0.040092622139309586
1901,426,97,0.03968351375013296
1901,455,97,0.03968351375013296
1901,525,96,0.03927440536095633
1901,668,96,0.03927440536095633
1901,773,96,0.03927440536095633
1901,696,95,0.038865296971779706
1901,477,94,0.03845618858260307
1901,721,94,0.03845618858260307
1901,788,93,0.038047080193426445
1901,683,92,0.03763797180424982
1901,164,91,0.03722886341507319
1901,207,91,0.03722886341507319
1901,407,91,0.03722886341507319
1901,434,91,0.03722886341507319
1901,201,89,0.03641064663671993
1901,271,89,0.03641064663671993
1901,293,88,0.036001538247543305
1901,63,88,0.036001538247543305
1901,632,88,0.036001538247543305
1901,226,87,0.03559242985836668
1901,623,87,0.03559242985836668
1901,64,87,0.03559242985836668
1901,180,86,0.035183321469190044
1901,345,85,0.03477421308001342
1901,689,85,0.03477421308001342
1901,399,83,0.033955996301660164
1901,257,81,0.033137779523306904
1901,515,81,0.033137779523306904
1901,61,81,0.033137779523306904
1901,205,80,0.03272867113413028
1901,157,79,0.03231956274495365
1901,349,79,0.03231956274495365
1901,497,79,0.03231956274495365
1901,584,79,0.03231956274495365
1901,178,78,0.03191045435577702
1901,227,78,0.03191045435577702
1901,284,78,0.03191045435577702
1901,520,78,0.03191045435577702
1901,317,77,0.03150134596660039
1901,650,77,0.03150134596660039
1901,9,77,0.03150134596660039
1901,386,76,0.031092237577423763
1901,400,76,0.031092237577423763
1901,508,76,0.031092237577423763
1901,326,75,0.030683129188247133
1901,731,75,0.030683129188247133
1901,137,74,0.030274020799070506
1901,51,74,0.030274020799070506
1901,612,74,0.030274020799070506
1901,122,73,0.029864912409893876
1901,225,73,0.029864912409893876
1901,354,73,0.029864912409893876
1901,450,73,0.029864912409893876
1901,84,72,0.02945580402071725
1901,190,71,0.02904669563154062
1901,277,71,0.02904669563154062
1901,594,71,0.02904669563154062
1901,610,71,0.02904669563154062
1901,679,71,0.02904669563154062
1901,791,71,0.02904669563154062
1901,468,70,0.028637587242363993
1901,776,69,0.028228478853187362
1901,311,68,0.027819370464010736
1901,393,67,0.027410262074834105
1901,619,67,0.027410262074834105
1901,8,67,0.027410262074834105
1901,321,66,0.02700115368565748
1901,463,66,0.02700115368565748
1901,673,66,0.02700115368565748
1901,132,65,0.02659204529648085
1901,159,65,0.02659204529648085
1901,268,65,0.02659204529648085
1901,356,65,0.02659204529648085
1901,52,65,0.02659204529648085
1901,331,64,0.026182936907304222
1901,113,63,0.02577382851812759
1901,39,63,0.02577382851812759
1901,576,63,0.02577382851812759
1901,674,63,0.02577382851812759
1901,281,61,0.024955611739774335
1901,16,60,0.024546503350597708
1901,433,60,0.024546503350597708
1901,220,59,0.024137394961421078
1901,151,58,0.02372828657224445
1901,700,58,0.02372828657224445
1901,94,58,0.02372828657224445
1901,97,58,0.02372828657224445
1901,138,57,0.02331917818306782
1901,564,57,0.02331917818306782
1901,648,57,0.02331917818306782
1901,65,57,0.02331917818306782
1901,774,57,0.02331917818306782
1901,333,56,0.022910069793891194
1901,40,56,0.022910069793891194
1901,614,56,0.022910069793891194
1901,750,56,0.022910069793891194
1901,273,55,0.022500961404714564
1901,282,55,0.022500961404714564
1901,41,55,0.022500961404714564
1901,678,55,0.022500961404714564
1901,143,54,0.022091853015537937
1901,153,54,0.022091853015537937
1901,261,54,0.022091853015537937
1901,42,54,0.022091853015537937
1901,387,52,0.02127363623718468
1901,656,51,0.02086452784800805
1901,203,50,0.020455419458831423
1901,336,50,0.020455419458831423
1901,343,50,0.020455419458831423
1901,377,50,0.020455419458831423
1901,46,50,0.020455419458831423
1901,494,50,0.020455419458831423
1901,591,50,0.020455419458831423
1901,757,50,0.020455419458831423
1901,595,49,0.020046311069654793
1901,671,49,0.020046311069654793
1901,720,49,0.020046311069654793
1901,100,48,0.019637202680478166
1901,316,48,0.019637202680478166
1901,357,48,0.019637202680478166
1901,649,48,0.019637202680478166
1901,669,48,0.019637202680478166
1901,670,48,0.019637202680478166
1901,751,48,0.019637202680478166
1901,77,48,0.019637202680478166
1901,115,47,0.019228094291301536
1901,401,47,0.019228094291301536
1901,597,47,0.019228094291301536
1901,442,46,0.01881898590212491
1901,237,45,0.01840987751294828
1901,128,44,0.018000769123771652
1901,358,44,0.018000769123771652
1901,145,43,0.017591660734595022
1901,210,43,0.017591660734595022
1901,89,43,0.017591660734595022
1901,389,42,0.017182552345418396
1901,524,42,0.017182552345418396
1901,624,42,0.017182552345418396
1901,206,41,0.016773443956241765
1901,251,41,0.016773443956241765
1901,297,41,0.016773443956241765
1901,5,41,0.016773443956241765
1901,598,41,0.016773443956241765
1901,211,40,0.01636433556706514
1901,245,40,0.01636433556706514
1901,522,40,0.01636433556706514
1901,573,40,0.01636433556706514
1901,588,40,0.01636433556706514
1901,664,40,0.01636433556706514
1901,701,40,0.01636433556706514
1901,781,40,0.01636433556706514
1901,22,39,0.01595522717788851
1901,255,39,0.01595522717788851
1901,280,39,0.01595522717788851
1901,491,39,0.01595522717788851
1901,56,39,0.01595522717788851
1901,635,39,0.01595522717788851
1901,741,39,0.01595522717788851
1901,769,39,0.01595522717788851
1901,339,38,0.015546118788711882
1901,379,38,0.015546118788711882
1901,392,38,0.015546118788711882
1901,186,37,0.015137010399535253
1901,221,37,0.015137010399535253
1901,307,37,0.015137010399535253
1901,388,37,0.015137010399535253
1901,505,37,0.015137010399535253
1901,578,37,0.015137010399535253
1901,641,37,0.015137010399535253
1901,703,37,0.015137010399535253
1901,416,36,0.014727902010358625
1901,581,36,0.014727902010358625
1901,62,36,0.014727902010358625
1901,147,35,0.014318793621181996
1901,626,35,0.014318793621181996
1901,511,34,0.013909685232005368
1901,652,34,0.013909685232005368
1901,755,34,0.013909685232005368
1901,270,33,0.01350057684282874
1901,415,33,0.01350057684282874
1901,501,33,0.01350057684282874
1901,634,33,0.01350057684282874
1901,660,33,0.01350057684282874
1901,661,33,0.01350057684282874
1901,76,33,0.01350057684282874
1901,309,32,0.013091468453652111
1901,314,32,0.013091468453652111
1901,665,32,0.013091468453652111
1901,778,32,0.013091468453652111
1901,82,32,0.013091468453652111
1901,296,31,0.012682360064475482
1901,704,31,0.012682360064475482
1901,239,30,0.012273251675298854
1901,323,30,0.012273251675298854
1901,458,30,0.012273251675298854
1901,70,30,0.012273251675298854
1901,160,29,0.011864143286122225
1901,347,29,0.011864143286122225
1901,667,29,0.011864143286122225
1901,538,28,0.011455034896945597
1901,58,28,0.011455034896945597
1901,589,28,0.011455034896945597
1901,605,28,0.011455034896945597
1901,67,28,0.011455034896945597
1901,684,28,0.011455034896945597
1901,101,27,0.011045926507768969
1901,117,27,0.011045926507768969
1901,303,27,0.011045926507768969
1901,413,27,0.011045926507768969
1901,603,27,0.011045926507768969
1901,633,27,0.011045926507768969
1901,395,26,0.01063681811859234
1901,397,26,0.01063681811859234
1901,408,26,0.01063681811859234
1901,424,26,0.01063681811859234
1901,490,26,0.01063681811859234
1901,554,26,0.01063681811859234
1901,582,26,0.01063681811859234
1901,171,25,0.010227709729415712
1901,217,25,0.010227709729415712
1901,233,25,0.010227709729415712
1901,410,25,0.010227709729415712
1901,736,25,0.010227709729415712
1901,780,25,0.010227709729415712
1901,28,24,0.009818601340239083
1901,312,24,0.009818601340239083
1901,446,24,0.009818601340239083
1901,447,24,0.009818601340239083
1901,53,24,0.009818601340239083
1901,563,24,0.009818601340239083
1901,66,24,0.009818601340239083
1901,276,23,0.009409492951062455
1901,310,23,0.009409492951062455
1901,32,23,0.009409492951062455
1901,376,23,0.009409492951062455
1901,534,23,0.009409492951062455
1901,540,23,0.009409492951062455
1901,72,23,0.009409492951062455
1901,734,23,0.009409492951062455
1901,775,23,0.009409492951062455
1901,88,23,0.009409492951062455
1901,129,22,0.009000384561885826
1901,148,22,0.009000384561885826
1901,188,22,0.009000384561885826
1901,228,22,0.009000384561885826
1901,367,22,0.009000384561885826
1901,486,22,0.009000384561885826
1901,492,22,0.009000384561885826
1901,503,22,0.009000384561885826
1901,586,22,0.009000384561885826
1901,78,22,0.009000384561885826
1901,10,21,0.008591276172709198
1901,385,21,0.008591276172709198
1901,745,21,0.008591276172709198
1901,350,20,0.00818216778353257
1901,355,20,0.00818216778353257
1901,43,20,0.00818216778353257
1901,445,20,0.00818216778353257
1901,73,20,0.00818216778353257
1901,330,19,0.007773059394355941
1901,363,19,0.007773059394355941
1901,532,19,0.007773059394355941
1901,545,19,0.007773059394355941
1901,232,18,0.007363951005179312
1901,384,18,0.007363951005179312
1901,585,18,0.007363951005179312
1901,617,18,0.007363951005179312
1901,746,18,0.007363951005179312
1901,777,18,0.007363951005179312
1901,783,18,0.007363951005179312
1901,109,17,0.006954842616002684
1901,250,17,0.006954842616002684
1901,34,17,0.006954842616002684
1901,449,17,0.006954842616002684
1901,499,17,0.006954842616002684
1901,518,17,0.006954842616002684
1901,733,17,0.006954842616002684
1901,742,17,0.006954842616002684
1901,747,17,0.006954842616002684
1901,767,17,0.006954842616002684
1901,126,16,0.0065457342268260554
1901,156,16,0.0065457342268260554
1901,193,16,0.0065457342268260554
1901,448,16,0.0065457342268260554
1901,553,16,0.0065457342268260554
1901,69,16,0.0065457342268260554
1901,763,16,0.0065457342268260554
1901,298,15,0.006136625837649427
1901,325,15,0.006136625837649427
1901,422,15,0.006136625837649427
1901,50,15,0.006136625837649427
1901,140,14,0.0057275174484727985
1901,208,14,0.0057275174484727985
1901,33,14,0.0057275174484727985
1901,396,14,0.0057275174484727985
1901,411,14,0.0057275174484727985
1901,999,14,0.0057275174484727985
1901,238,13,0.00531840905929617
1901,24,13,0.00531840905929617
1901,299,13,0.00531840905929617
1901,383,13,0.00531840905929617
1901,45,13,0.00531840905929617
1901,575,13,0.00531840905929617
1901,144,12,0.004909300670119542
1901,315,12,0.004909300670119542
1901,517,12,0.004909300670119542
1901,54,12,0.004909300670119542
1901,569,12,0.004909300670119542
1901,782,12,0.004909300670119542
1901,149,11,0.004500192280942913
1901,187,11,0.004500192280942913
1901,20,11,0.004500192280942913
1901,249,11,0.004500192280942913
1901,291,11,0.004500192280942913
1901,3,11,0.004500192280942913
1901,420,11,0.004500192280942913
1901,472,11,0.004500192280942913
1901,475,11,0.004500192280942913
1901,527,11,0.004500192280942913
1901,577,11,0.004500192280942913
1901,718,11,0.004500192280942913
1901,738,11,0.004500192280942913
1901,83,11,0.004500192280942913
1901,209,10,0.004091083891766285
1901,327,10,0.004091083891766285
1901,418,10,0.004091083891766285
1901,493,10,0.004091083891766285
1901,59,10,0.004091083891766285
1901,25,9,0.003681975502589656
1901,252,9,0.003681975502589656
1901,681,9,0.003681975502589656
1901,743,9,0.003681975502589656
1901,749,9,0.003681975502589656
1901,99,9,0.003681975502589656
1901,194,8,0.0032728671134130277
1901,38,8,0.0032728671134130277
1901,528,8,0.0032728671134130277
1901,535,8,0.0032728671134130277
1901,57,8,0.0032728671134130277
1901,60,8,0.0032728671134130277
1901,601,8,0.0032728671134130277
1901,609,8,0.0032728671134130277
1901,17,7,0.0028637587242363993
1901,212,7,0.0028637587242363993
1901,30,7,0.0028637587242363993
1901,324,7,0.0028637587242363993
1901,364,7,0.0028637587242363993
1901,471,7,0.0028637587242363993
1901,521,7,0.0028637587242363993
1901,604,7,0.0028637587242363993
1901,719,7,0.0028637587242363993
1901,737,7,0.0028637587242363993
1901,98,7,0.0028637587242363993
1901,152,6,0.002454650335059771
1901,304,6,0.002454650335059771
1901,305,6,0.002454650335059771
1901,337,6,0.002454650335059771
1901,342,6,0.002454650335059771
1901,36,6,0.002454650335059771
1901,368,6,0.002454650335059771
1901,390,6,0.002454650335059771
1901,404,6,0.002454650335059771
1901,419,6,0.002454650335059771
1901,615,6,0.002454650335059771
1901,71,6,0.002454650335059771
1901,739,6,0.002454650335059771
1901,95,6,0.002454650335059771
1901,636,5,0.0020455419458831423
1901,675,5,0.0020455419458831423
1901,702,5,0.0020455419458831423
1901,740,5,0.0020455419458831423
1901,85,5,0.0020455419458831423
1901,161,4,0.0016364335567065139
1901,300,4,0.0016364335567065139
1901,351,4,0.0016364335567065139
1901,403,4,0.0016364335567065139
1901,431,4,0.0016364335567065139
1901,44,4,0.0016364335567065139
1901,514,4,0.0016364335567065139
1901,570,4,0.0016364335567065139
1901,587,4,0.0016364335567065139
1901,645,4,0.0016364335567065139
1901,772,4,0.0016364335567065139
1901,784,4,0.0016364335567065139
1901,797,4,0.0016364335567065139
1901,344,3,0.0012273251675298854
1901,394,3,0.0012273251675298854
1901,427,3,0.0012273251675298854
1901,49,3,0.0012273251675298854
1901,637,3,0.0012273251675298854
1901,732,3,0.0012273251675298854
1901,753,3,0.0012273251675298854
1901,779,3,0.0012273251675298854
1901,104,2,8.182167783532569e-4
1901,107,2,8.182167783532569e-4
1901,19,2,8.182167783532569e-4
1901,192,2,8.182167783532569e-4
1901,195,2,8.182167783532569e-4
1901,29,2,8.182167783532569e-4
1901,48,2,8.182167783532569e-4
1901,541,2,8.182167783532569e-4
1901,7,2,8.182167783532569e-4
1901,735,2,8.182167783532569e-4
1901,760,2,8.182167783532569e-4
1901,150,1,4.0910838917662846e-4
1901,155,1,4.0910838917662846e-4
1901,174,1,4.0910838917662846e-4
1901,197,1,4.0910838917662846e-4
1901,231,1,4.0910838917662846e-4
1901,240,1,4.0910838917662846e-4
1901,328,1,4.0910838917662846e-4
1901,338,1,4.0910838917662846e-4
1901,423,1,4.0910838917662846e-4
1901,454,1,4.0910838917662846e-4
1901,600,1,4.0910838917662846e-4
1901,644,1,4.0910838917662846e-4
1901,688,1,4.0910838917662846e-4
1901,785,1,4.0910838917662846e-4
1901,786,1,4.0910838917662846e-4
1901,787,1,4.0910838917662846e-4
1901,789,1,4.0910838917662846e-4
1901,790,1,4.0910838917662846e-4
1911,761,28755,10.198182733843568
1911,177,17354,6.154730070009434
1911,120,11934,4.232485228505969
1911,697,9817,3.481674835616147
1911,713,8328,2.953589490782446
1911,374,7591,2.692206751264355
1911,724,6811,2.4155737297933766
1911,123,4580,1.6243323568424113
1911,131,4057,1.438846369368922
1911,405,3896,1.3817464764755534
1911,666,3449,1.2232144757094927
1911,682,3434,1.2178946099119738
1911,555,3422,1.2136387172739589
1911,551,3340,1.1845567842475226
1911,711,3183,1.1288755222334925
1911,202,3121,1.106886743603748
1911,125,3029,1.0742582333789659
1911,758,2697,0.9565118703938829
1911,608,2414,0.8561437356806946
1911,663,2316,0.821387279136905
1911,537,2304,0.81713138649888994
1911,12,2269,0.8047183663046793
1911,105,2254,0.7993985005071605
1911,606,2204,0.7816656145154312
1911,79,2186,0.7752817755584086
1911,118,2129,0.75506628552783706
1911,723,2096,0.7433625807732956
1911,759,1905,0.6756229562848894
1911,179,1821,0.6458317078187841
1911,409,1819,0.645122392379115
1911,436,1803,0.6394478688617615
1911,762,1793,0.6359012916634157
1911,628,1753,0.6217149828700321
1911,691,1622,0.5752548215717012
1911,272,1594,0.5653244054163327
1911,2,1502,0.5326958951915506
1911,560,1491,0.5287946602733702
1911,235,1413,0.5011313581262723
1911,722,1408,0.4993580695270994
1911,607,1402,0.49723012320809185
1911,198,1389,0.4926195728502422
1911,655,1361,0.4826891566948738
1911,133,1347,0.47772394861718953
1911,709,1263,0.44793270015108416
1911,770,1234,0.43764762627588116
1911,168,1222,0.4333917336378661
1911,756,1180,0.4184961094048134
1911,166,1119,0.39686198849490356
1911,654,1119,0.39686198849490356
1911,464,1106,0.39225143813705393
1911,766,1090,0.3865769146197005
1911,263,1079,0.38267567970152006
1911,61,1067,0.378419787063505
1911,692,1056,0.37451855214532453
1911,429,1048,0.3716812903866478
1911,279,963,0.3415353842007079
1911,381,952,0.33763414928252744
1911,549,916,0.3248664713684823
1911,134,879,0.3117441357346025
1911,459,875,0.31032550485526417
1911,482,873,0.309616189415595
1911,572,864,0.3064242699370837
1911,91,852,0.30216837729906865
1911,680,842,0.2986218001007228
1911,730,821,0.29117398798419647
1911,200,816,0.2894006993850235
1911,369,815,0.28904604166518894
1911,687,808,0.28656343762634684
1911,622,791,0.2805342563891588
1911,421,761,0.2698945247941212
1911,253,756,0.26812123619494826
1911,130,748,0.26528397443627155
1911,536,743,0.26351068583709863
1911,485,732,0.25960945091891813
1911,124,730,0.25890013547924895
1911,412,707,0.2507430079230535
1911,14,706,0.25038835020321887
1911,543,706,0.25038835020321887
1911,183,702,0.2489697193238805
1911,244,699,0.24790574616437677
1911,432,682,0.24187656492718876
1911,467,653,0.23159149105198573
1911,13,649,0.23017286017264738
1911,707,640,0.2269809406941361
1911,259,634,0.22485299437512857
1911,119,594,0.21066668558174506
1911,699,589,0.20889339698257212
1911,1,584,0.20712010838339917
1911,451,580,0.20570147750406084
1911,6,577,0.20463750434455708
1911,653,574,0.2035735311850533
1911,712,566,0.2007362694263766
1911,764,565,0.200381611706542
1911,127,564,0.20002695398670742
1911,90,564,0.20002695398670742
1911,768,563,0.19967229626687283
1911,262,562,0.19931763854703827
1911,283,551,0.1954164036288578
1911,11,548,0.19435243046935402
1911,224,546,0.19364311502968484
1911,121,538,0.19080585327100816
1911,662,534,0.1893872223916698
1911,727,534,0.1893872223916698
1911,480,528,0.18725927607266227
1911,139,517,0.18335804115448182
1911,686,510,0.1808754371156397
1911,771,505,0.17910214851646675
1911,286,504,0.17874749079663216
1911,334,498,0.17661954447762465
1911,141,489,0.17342762499911335
1911,529,484,0.1716543363999404
1911,462,483,0.17129967868010584
1911,677,474,0.16810775920159454
1911,533,473,0.16775310148175995
1911,562,453,0.1606599470850682
1911,27,452,0.1603052893652336
1911,714,450,0.15959597392556443
1911,275,448,0.15888665848589525
1911,172,445,0.1578226853263915
1911,558,444,0.1574680276065569
1911,81,443,0.15711336988672234
1911,717,440,0.15604939672721857
1911,165,428,0.1517935040892035
1911,241,425,0.15072953092969973
1911,382,425,0.15072953092969973
1911,519,419,0.14860158461069223
1911,414,418,0.14824692689085764
1911,116,415,0.14718295373135387
1911,111,411,0.14576432285201552
1911,117,410,0.14540966513218093
1911,453,394,0.13973514161482753
1911,685,392,0.13902582617515835
1911,531,387,0.1372525375759854
1911,137,376,0.13335130265780495
1911,773,375,0.13299664493797037
1911,715,374,0.13264198721813578
1911,548,372,0.1319326717784666
1911,708,371,0.131578014058632
1911,571,363,0.12874075229995532
1911,93,356,0.1262581482611132
1911,428,352,0.12483951738177484
1911,196,347,0.12306622878260191
1911,765,344,0.12200225562309815
1911,484,343,0.12164759790326356
1911,113,342,0.12129294018342897
1911,443,336,0.11916499386442145
1911,498,329,0.11668238982557934
1911,643,316,0.1120718394677297
1911,37,304,0.10781594682971464
1911,592,303,0.10746128910988005
1911,114,301,0.10675197367021087
1911,579,293,0.10391471191153417
1911,547,291,0.103205396471865
1911,750,291,0.103205396471865
1911,329,290,0.10285073875203042
1911,561,287,0.10178676559252665
1911,706,284,0.10072279243302289
1911,103,283,0.1003681347131883
1911,167,283,0.1003681347131883
1911,265,283,0.1003681347131883
1911,158,276,0.09788553067434619
1911,112,271,0.09611224207517326
1911,204,267,0.0946936111958349
1911,461,266,0.09433895347600031
1911,80,266,0.09433895347600031
1911,219,265,0.09398429575616572
1911,593,265,0.09398429575616572
1911,287,260,0.09221100715699279
1911,452,260,0.09221100715699279
1911,542,260,0.09221100715699279
1911,695,260,0.09221100715699279
1911,185,256,0.09079237627765444
1911,278,255,0.09043771855781985
1911,489,255,0.09043771855781985
1911,546,253,0.08972840311815067
1911,290,250,0.08866442995864691
1911,725,249,0.08830977223881233
1911,370,246,0.08724579907930856
1911,106,244,0.08653648363963938
1911,294,244,0.08653648363963938
1911,638,241,0.08547251048013563
1911,254,240,0.08511785276030104
1911,425,240,0.08511785276030104
1911,516,240,0.08511785276030104
1911,348,237,0.08405387960079727
1911,438,237,0.08405387960079727
1911,698,235,0.08334456416112809
1911,509,229,0.08121661784212057
1911,526,227,0.0805073024024514
1911,216,224,0.07944332924294763
1911,360,222,0.07873401380327845
1911,260,221,0.07837935608344387
1911,87,221,0.07837935608344387
1911,313,220,0.07802469836360929
1911,184,217,0.07696072520410552
1911,89,204,0.07235017484625587
1911,474,202,0.07164085940658671
1911,372,199,0.07057688624708294
1911,613,197,0.06986757080741376
1911,651,196,0.06951291308757918
1911,365,194,0.06880359764791
1911,616,193,0.06844893992807541
1911,363,191,0.06773962448840624
1911,457,190,0.06738496676857166
1911,456,188,0.06667565132890248
1911,8,188,0.06667565132890248
1911,242,184,0.06525702044956412
1911,437,184,0.06525702044956412
1911,478,183,0.06490236272972953
1911,398,179,0.06348373185039119
1911,170,178,0.0631290741305566
1911,154,176,0.06241975869088742
1911,470,176,0.06241975869088742
1911,487,176,0.06241975869088742
1911,246,174,0.06171044325121825
1911,550,172,0.06100112781154907
1911,657,171,0.060646470091714484
1911,788,171,0.060646470091714484
1911,473,169,0.05993715465204531
1911,625,168,0.059582496932210724
1911,266,167,0.059227839212376135
1911,42,167,0.059227839212376135
1911,599,167,0.059227839212376135
1911,308,163,0.057809208333037786
1911,35,161,0.05709989289336861
1911,4,160,0.056745235173534025
1911,506,159,0.056390577453699436
1911,352,156,0.05532660429419567
1911,64,156,0.05532660429419567
1911,640,154,0.0546172888545265
1911,659,154,0.0546172888545265
1911,267,153,0.05426263113469191
1911,318,153,0.05426263113469191
1911,775,153,0.05426263113469191
1911,97,151,0.05355331569502273
1911,289,150,0.05319865797518815
1911,556,149,0.05284400025535356
1911,716,148,0.05248934253551897
1911,574,147,0.05213468481568438
1911,173,143,0.05071605393634603
1911,378,143,0.05071605393634603
1911,440,143,0.05071605393634603
1911,47,143,0.05071605393634603
1911,135,142,0.05036139621651144
1911,302,142,0.05036139621651144
1911,122,139,0.04929742305700768
1911,136,138,0.048942765337173094
1911,162,138,0.048942765337173094
1911,110,135,0.047878792177669334
1911,319,135,0.047878792177669334
1911,769,135,0.047878792177669334
1911,84,135,0.047878792177669334
1911,199,133,0.047169476738000156
1911,465,133,0.047169476738000156
1911,544,132,0.04681481901816557
1911,557,132,0.04681481901816557
1911,552,131,0.04646016129833098
1911,776,131,0.04646016129833098
1911,146,130,0.046105503578496396
1911,596,130,0.046105503578496396
1911,274,129,0.04575084585866181
1911,214,128,0.04539618813882722
1911,340,128,0.04539618813882722
1911,566,128,0.04539618813882722
1911,565,126,0.04468687269915804
1911,441,125,0.04433221497932346
1911,774,123,0.04362289953965428
1911,142,122,0.04326824181981969
1911,444,121,0.0429135840999851
1911,502,121,0.0429135840999851
1911,530,119,0.04220426866031593
1911,646,118,0.04184961094048134
1911,656,118,0.04184961094048134
1911,726,116,0.04114029550081216
1911,539,114,0.04043098006114299
1911,230,113,0.0400763223413084
1911,435,112,0.039721664621473814
1911,744,112,0.039721664621473814
1911,280,110,0.03901234918180464
1911,399,110,0.03901234918180464
1911,507,110,0.03901234918180464
1911,512,110,0.03901234918180464
1911,426,109,0.038657691461970053
1911,668,109,0.038657691461970053
1911,630,106,0.037593718302466286
1911,469,105,0.037239060582631704
1911,721,105,0.037239060582631704
1911,285,104,0.036884402862797115
1911,631,104,0.036884402862797115
1911,710,104,0.036884402862797115
1911,694,103,0.036529745142962526
1911,181,102,0.03617508742312794
1911,51,102,0.03617508742312794
1911,77,102,0.03617508742312794
1911,102,101,0.035820429703293355
1911,693,101,0.035820429703293355
1911,479,100,0.035465771983458766
1911,481,99,0.03511111426362418
1911,568,99,0.03511111426362418
1911,62,99,0.03511111426362418
1911,108,98,0.03475645654378959
1911,55,98,0.03475645654378959
1911,559,98,0.03475645654378959
1911,75,98,0.03475645654378959
1911,450,95,0.03369248338428583
1911,658,95,0.03369248338428583
1911,331,94,0.03333782566445124
1911,751,94,0.03333782566445124
1911,163,93,0.03298316794461665
1911,674,93,0.03298316794461665
1911,15,92,0.03262851022478206
1911,277,92,0.03262851022478206
1911,999,92,0.03262851022478206
1911,483,91,0.03227385250494748
1911,439,90,0.03191919478511289
1911,728,90,0.03191919478511289
1911,627,89,0.0315645370652783
1911,618,88,0.03120987934544371
1911,690,88,0.03120987934544371
1911,94,88,0.03120987934544371
1911,247,87,0.030855221625609126
1911,389,87,0.030855221625609126
1911,620,87,0.030855221625609126
1911,676,87,0.030855221625609126
1911,243,86,0.030500563905774537
1911,292,86,0.030500563905774537
1911,52,86,0.030500563905774537
1911,500,85,0.03014590618593995
1911,345,84,0.029791248466105362
1911,284,83,0.029436590746270773
1911,366,83,0.029436590746270773
1911,515,83,0.029436590746270773
1911,53,81,0.0287272753066016
1911,683,81,0.0287272753066016
1911,689,81,0.0287272753066016
1911,164,80,0.028372617586767013
1911,180,80,0.028372617586767013
1911,258,80,0.028372617586767013
1911,301,80,0.028372617586767013
1911,796,80,0.028372617586767013
1911,157,79,0.028017959866932424
1911,207,79,0.028017959866932424
1911,269,79,0.028017959866932424
1911,496,79,0.028017959866932424
1911,652,79,0.028017959866932424
1911,5,78,0.027663302147097835
1911,100,77,0.02730864442726325
1911,211,77,0.02730864442726325
1911,597,77,0.02730864442726325
1911,611,77,0.02730864442726325
1911,295,76,0.02695398670742866
1911,583,76,0.02695398670742866
1911,67,76,0.02695398670742866
1911,205,75,0.026599328987594074
1911,306,75,0.026599328987594074
1911,455,75,0.026599328987594074
1911,510,75,0.026599328987594074
1911,703,75,0.026599328987594074
1911,190,74,0.026244671267759485
1911,362,74,0.026244671267759485
1911,525,73,0.025890013547924896
1911,63,73,0.025890013547924896
1911,647,73,0.025890013547924896
1911,520,72,0.02553535582809031
1911,9,72,0.02553535582809031
1911,434,71,0.02518069810825572
1911,226,70,0.024826040388421136
1911,248,70,0.024826040388421136
1911,488,70,0.024826040388421136
1911,225,69,0.024471382668586547
1911,229,69,0.024471382668586547
1911,650,69,0.024471382668586547
1911,364,68,0.024116724948751958
1911,380,68,0.024116724948751958
1911,16,67,0.023762067228917372
1911,182,66,0.023407409509082783
1911,264,66,0.023407409509082783
1911,379,65,0.023052751789248198
1911,442,64,0.02269809406941361
1911,679,64,0.02269809406941361
1911,407,63,0.02234343634957902
1911,476,63,0.02234343634957902
1911,387,62,0.021988778629744434
1911,696,62,0.021988778629744434
1911,41,61,0.021634120909909845
1911,169,59,0.02092480547024067
1911,433,58,0.02057014775040608
1911,576,58,0.02057014775040608
1911,635,58,0.02057014775040608
1911,159,57,0.020215490030571496
1911,257,57,0.020215490030571496
1911,392,57,0.020215490030571496
1911,400,57,0.020215490030571496
1911,201,56,0.019860832310736907
1911,293,56,0.019860832310736907
1911,40,56,0.019860832310736907
1911,46,56,0.019860832310736907
1911,497,56,0.019860832310736907
1911,780,56,0.019860832310736907
1911,115,55,0.01950617459090232
1911,317,55,0.01950617459090232
1911,508,55,0.01950617459090232
1911,203,54,0.019151516871067732
1911,22,54,0.019151516871067732
1911,39,54,0.019151516871067732
1911,463,54,0.019151516871067732
1911,522,53,0.018796859151233143
1911,632,53,0.018796859151233143
1911,354,51,0.01808754371156397
1911,417,51,0.01808754371156397
1911,505,51,0.01808754371156397
1911,731,51,0.01808754371156397
1911,321,50,0.017732885991729383
1911,316,49,0.017378228271894794
1911,588,49,0.017378228271894794
1911,594,49,0.017378228271894794
1911,612,49,0.017378228271894794
1911,143,48,0.01702357055206021
1911,147,47,0.01666891283222562
1911,128,46,0.01631425511239103
1911,281,46,0.01631425511239103
1911,326,46,0.01631425511239103
1911,359,46,0.01631425511239103
1911,393,46,0.01631425511239103
1911,56,46,0.01631425511239103
1911,65,46,0.01631425511239103
1911,73,45,0.015959597392556445
1911,76,45,0.015959597392556445
1911,140,44,0.015604939672721856
1911,311,44,0.015604939672721856
1911,357,44,0.015604939672721856
1911,623,44,0.015604939672721856
1911,178,43,0.015250281952887268
1911,339,43,0.015250281952887268
1911,580,43,0.015250281952887268
1911,591,43,0.015250281952887268
1911,781,43,0.015250281952887268
1911,245,42,0.014895624233052681
1911,610,42,0.014895624233052681
1911,619,42,0.014895624233052681
1911,782,42,0.014895624233052681
1911,145,41,0.014540966513218094
1911,20,41,0.014540966513218094
1911,268,41,0.014540966513218094
1911,584,41,0.014540966513218094
1911,648,41,0.014540966513218094
1911,667,41,0.014540966513218094
1911,720,41,0.014540966513218094
1911,138,40,0.014186308793383506
1911,276,40,0.014186308793383506
1911,297,40,0.014186308793383506
1911,367,40,0.014186308793383506
1911,578,40,0.014186308793383506
1911,595,40,0.014186308793383506
1911,624,40,0.014186308793383506
1911,661,40,0.014186308793383506
1911,673,40,0.014186308793383506
1911,78,40,0.014186308793383506
1911,377,39,0.013831651073548917
1911,669,39,0.013831651073548917
1911,160,38,0.01347699335371433
1911,395,38,0.01347699335371433
1911,586,38,0.01347699335371433
1911,333,37,0.013122335633879743
1911,633,37,0.013122335633879743
1911,700,37,0.013122335633879743
1911,778,37,0.013122335633879743
1911,386,36,0.012767677914045155
1911,491,36,0.012767677914045155
1911,649,36,0.012767677914045155
1911,148,34,0.012058362474375979
1911,153,34,0.012058362474375979
1911,282,34,0.012058362474375979
1911,336,34,0.012058362474375979
1911,34,34,0.012058362474375979
1911,468,34,0.012058362474375979
1911,524,34,0.012058362474375979
1911,298,33,0.011703704754541392
1911,58,33,0.011703704754541392
1911,501,32,0.011349047034706804
1911,684,32,0.011349047034706804
1911,237,31,0.010994389314872217
1911,255,31,0.010994389314872217
1911,28,31,0.010994389314872217
1911,307,31,0.010994389314872217
1911,447,31,0.010994389314872217
1911,494,31,0.010994389314872217
1911,511,31,0.010994389314872217
1911,554,31,0.010994389314872217
1911,598,31,0.010994389314872217
1911,791,31,0.010994389314872217
1911,171,30,0.01063973159503763
1911,206,30,0.01063973159503763
1911,227,30,0.01063973159503763
1911,401,30,0.01063973159503763
1911,664,30,0.01063973159503763
1911,670,30,0.01063973159503763
1911,678,30,0.01063973159503763
1911,270,29,0.01028507387520304
1911,356,29,0.01028507387520304
1911,660,29,0.01028507387520304
1911,671,29,0.01028507387520304
1911,416,28,0.009930416155368453
1911,538,28,0.009930416155368453
1911,553,28,0.009930416155368453
1911,634,28,0.009930416155368453
1911,736,28,0.009930416155368453
1911,126,27,0.009575758435533866
1911,152,27,0.009575758435533866
1911,261,27,0.009575758435533866
1911,271,27,0.009575758435533866
1911,343,27,0.009575758435533866
1911,349,27,0.009575758435533866
1911,388,27,0.009575758435533866
1911,458,27,0.009575758435533866
1911,60,27,0.009575758435533866
1911,701,27,0.009575758435533866
1911,385,26,0.009221100715699279
1911,59,26,0.009221100715699279
1911,603,26,0.009221100715699279
1911,88,26,0.009221100715699279
1911,251,25,0.008866442995864691
1911,303,25,0.008866442995864691
1911,397,25,0.008866442995864691
1911,466,25,0.008866442995864691
1911,323,24,0.008511785276030104
1911,499,24,0.008511785276030104
1911,626,24,0.008511785276030104
1911,704,24,0.008511785276030104
1911,82,24,0.008511785276030104
1911,98,24,0.008511785276030104
1911,273,23,0.008157127556195515
1911,45,23,0.008157127556195515
1911,741,23,0.008157127556195515
1911,186,22,0.007802469836360928
1911,368,22,0.007802469836360928
1911,563,22,0.007802469836360928
1911,777,22,0.007802469836360928
1911,210,21,0.0074478121165263405
1911,220,21,0.0074478121165263405
1911,347,21,0.0074478121165263405
1911,383,21,0.0074478121165263405
1911,503,21,0.0074478121165263405
1911,564,21,0.0074478121165263405
1911,573,21,0.0074478121165263405
1911,605,21,0.0074478121165263405
1911,737,21,0.0074478121165263405
1911,129,20,0.007093154396691753
1911,188,20,0.007093154396691753
1911,43,20,0.007093154396691753
1911,532,20,0.007093154396691753
1911,641,20,0.007093154396691753
1911,66,20,0.007093154396691753
1911,72,20,0.007093154396691753
1911,767,20,0.007093154396691753
1911,797,20,0.007093154396691753
1911,144,19,0.006738496676857165
1911,194,19,0.006738496676857165
1911,233,19,0.006738496676857165
1911,252,19,0.006738496676857165
1911,315,19,0.006738496676857165
1911,617,19,0.006738496676857165
1911,681,19,0.006738496676857165
1911,745,19,0.006738496676857165
1911,755,19,0.006738496676857165
1911,757,19,0.006738496676857165
1911,208,18,0.006383838957022578
1911,221,18,0.006383838957022578
1911,358,18,0.006383838957022578
1911,477,18,0.006383838957022578
1911,581,18,0.006383838957022578
1911,132,17,0.0060291812371879895
1911,376,17,0.0060291812371879895
1911,411,17,0.0060291812371879895
1911,490,17,0.0060291812371879895
1911,528,17,0.0060291812371879895
1911,535,17,0.0060291812371879895
1911,149,16,0.005674523517353402
1911,239,16,0.005674523517353402
1911,24,16,0.005674523517353402
1911,25,16,0.005674523517353402
1911,291,16,0.005674523517353402
1911,296,16,0.005674523517353402
1911,314,16,0.005674523517353402
1911,32,16,0.005674523517353402
1911,424,16,0.005674523517353402
1911,70,16,0.005674523517353402
1911,109,15,0.005319865797518815
1911,193,15,0.005319865797518815
1911,232,15,0.005319865797518815
1911,309,15,0.005319865797518815
1911,310,15,0.005319865797518815
1911,384,15,0.005319865797518815
1911,448,15,0.005319865797518815
1911,585,15,0.005319865797518815
1911,719,15,0.005319865797518815
1911,734,15,0.005319865797518815
1911,783,15,0.005319865797518815
1911,330,14,0.004965208077684227
1911,396,14,0.004965208077684227
1911,410,14,0.004965208077684227
1911,614,14,0.004965208077684227
1911,733,14,0.004965208077684227
1911,794,14,0.004965208077684227
1911,151,13,0.004610550357849639
1911,209,13,0.004610550357849639
1911,249,13,0.004610550357849639
1911,300,13,0.004610550357849639
1911,325,13,0.004610550357849639
1911,415,13,0.004610550357849639
1911,430,13,0.004610550357849639
1911,54,13,0.004610550357849639
1911,747,13,0.004610550357849639
1911,101,12,0.004255892638015052
1911,228,12,0.004255892638015052
1911,250,12,0.004255892638015052
1911,420,12,0.004255892638015052
1911,475,12,0.004255892638015052
1911,492,12,0.004255892638015052
1911,545,12,0.004255892638015052
1911,718,12,0.004255892638015052
1911,83,12,0.004255892638015052
1911,10,11,0.003901234918180464
1911,187,11,0.003901234918180464
1911,312,11,0.003901234918180464
1911,390,11,0.003901234918180464
1911,44,11,0.003901234918180464
1911,446,11,0.003901234918180464
1911,50,11,0.003901234918180464
1911,540,11,0.003901234918180464
1911,569,11,0.003901234918180464
1911,753,11,0.003901234918180464
1911,763,11,0.003901234918180464
1911,784,11,0.003901234918180464
1911,17,10,0.0035465771983458766
1911,192,10,0.0035465771983458766
1911,30,10,0.0035465771983458766
1911,36,10,0.0035465771983458766
1911,449,10,0.0035465771983458766
1911,486,10,0.0035465771983458766
1911,49,10,0.0035465771983458766
1911,518,10,0.0035465771983458766
1911,527,10,0.0035465771983458766
1911,57,10,0.0035465771983458766
1911,582,10,0.0035465771983458766
1911,589,10,0.0035465771983458766
1911,665,10,0.0035465771983458766
1911,69,10,0.0035465771983458766
1911,749,10,0.0035465771983458766
1911,99,10,0.0035465771983458766
1911,174,9,0.003191919478511289
1911,299,9,0.003191919478511289
1911,324,9,0.003191919478511289
1911,355,9,0.003191919478511289
1911,493,9,0.003191919478511289
1911,517,9,0.003191919478511289
1911,601,9,0.003191919478511289
1911,779,9,0.003191919478511289
1911,217,8,0.002837261758676701
1911,403,8,0.002837261758676701
1911,419,8,0.002837261758676701
1911,521,8,0.002837261758676701
1911,602,8,0.002837261758676701
1911,604,8,0.002837261758676701
1911,738,8,0.002837261758676701
1911,85,8,0.002837261758676701
1911,3,7,0.0024826040388421134
1911,33,7,0.0024826040388421134
1911,38,7,0.0024826040388421134
1911,423,7,0.0024826040388421134
1911,534,7,0.0024826040388421134
1911,742,7,0.0024826040388421134
1911,746,7,0.0024826040388421134
1911,785,7,0.0024826040388421134
1911,787,7,0.0024826040388421134
1911,327,6,0.002127946319007526
1911,350,6,0.002127946319007526
1911,422,6,0.002127946319007526
1911,577,6,0.002127946319007526
1911,161,5,0.0017732885991729383
1911,337,5,0.0017732885991729383
1911,408,5,0.0017732885991729383
1911,413,5,0.0017732885991729383
1911,427,5,0.0017732885991729383
1911,472,5,0.0017732885991729383
1911,636,5,0.0017732885991729383
1911,772,5,0.0017732885991729383
1911,789,5,0.0017732885991729383
1911,156,4,0.0014186308793383505
1911,19,4,0.0014186308793383505
1911,238,4,0.0014186308793383505
1911,404,4,0.0014186308793383505
1911,418,4,0.0014186308793383505
1911,471,4,0.0014186308793383505
1911,541,4,0.0014186308793383505
1911,637,4,0.0014186308793383505
1911,644,4,0.0014186308793383505
1911,645,4,0.0014186308793383505
1911,732,4,0.0014186308793383505
1911,735,4,0.0014186308793383505
1911,104,3,0.001063973159503763
1911,18,3,0.001063973159503763
1911,305,3,0.001063973159503763
1911,338,3,0.001063973159503763
1911,344,3,0.001063973159503763
1911,394,3,0.001063973159503763
1911,48,3,0.001063973159503763
1911,514,3,0.001063973159503763
1911,702,3,0.001063973159503763
1911,739,3,0.001063973159503763
1911,743,3,0.001063973159503763
1911,95,3,0.001063973159503763
1911,195,2,7.093154396691753e-4
1911,197,2,7.093154396691753e-4
1911,21,2,7.093154396691753e-4
1911,342,2,7.093154396691753e-4
1911,351,2,7.093154396691753e-4
1911,570,2,7.093154396691753e-4
1911,575,2,7.093154396691753e-4
1911,587,2,7.093154396691753e-4
1911,609,2,7.093154396691753e-4
1911,615,2,7.093154396691753e-4
1911,675,2,7.093154396691753e-4
1911,740,2,7.093154396691753e-4
1911,155,1,3.5465771983458764e-4
1911,212,1,3.5465771983458764e-4
1911,320,1,3.5465771983458764e-4
1911,431,1,3.5465771983458764e-4
1911,445,1,3.5465771983458764e-4
1911,454,1,3.5465771983458764e-4
1911,513,1,3.5465771983458764e-4
1911,600,1,3.5465771983458764e-4
1911,71,1,3.5465771983458764e-4
1911,754,1,3.5465771983458764e-4
1911,760,1,3.5465771983458764e-4
1911,786,1,3.5465771983458764e-4
1911,86,1,3.5465771983458764e-4
