census_year,occode,foreman_n,foreman_pct
1851,177,7335,27.06142778085224
1851,761,2206,8.138719793396053
1851,555,1086,4.0066408411732155
1851,788,870,3.2097399003873823
1851,572,822,3.032650802434975
1851,724,535,1.973805570927873
1851,120,481,1.774580335731415
1851,374,444,1.6380741560597676
1851,791,440,1.6233167312304002
1851,173,439,1.6196273750230585
1851,12,425,1.567976388120273
1851,789,410,1.5126360450101457
1851,551,380,1.4019553587898912
1851,606,369,1.3613724405091312
1851,6,331,1.221176904630142
1851,608,300,1.1068068622025458
1851,11,285,1.0514665190924184
1851,772,272,1.0035048883969748
1851,562,239,0.8817561335546947
1851,91,238,0.8780667773473528
1851,549,217,0.8005902969931747
1851,579,200,0.7378712414683638
1851,580,200,0.7378712414683638
1851,560,195,0.7194244604316546
1851,723,192,0.7083563918096292
1851,607,190,0.7009776793949456
1851,125,187,0.6899096107729201
1851,654,186,0.6862202545655783
1851,653,177,0.6530160486995019
1851,571,145,0.5349566500645637
1851,166,144,0.5312672938572219
1851,181,143,0.5275779376498801
1851,13,142,0.5238885814425382
1851,409,133,0.4906843755764619
1851,405,106,0.3910717579782328
1851,329,105,0.387382401770891
1851,202,100,0.3689356207341819
1851,464,93,0.34311012728278917
1851,14,89,0.32835270245342185
1851,241,86,0.31728463383139643
1851,691,86,0.31728463383139643
1851,709,85,0.3135952776240546
1851,459,82,0.3025272090020291
1851,625,79,0.2914591403800037
1851,565,78,0.28776978417266186
1851,568,78,0.28776978417266186
1851,697,78,0.28776978417266186
1851,5,76,0.2803910717579782
1851,334,75,0.27670171555063644
1851,175,74,0.2730123593432946
1851,467,74,0.2730123593432946
1851,537,71,0.2619442907212691
1851,548,71,0.2619442907212691
1851,348,67,0.24718686589190186
1851,461,65,0.23980815347721823
1851,770,61,0.22505072864785094
1851,686,60,0.22136137244050913
1851,682,59,0.21767201623316731
1851,519,57,0.21029330381848368
1851,558,56,0.20660394761114187
1851,242,55,0.20291459140380003
1851,167,54,0.1992252351964582
1851,259,52,0.19184652278177458
1851,663,51,0.18815716657443277
1851,583,49,0.18077845415974914
1851,272,48,0.1770890979524073
1851,235,46,0.16971038553772366
1851,168,45,0.16602102933038185
1851,123,44,0.16233167312304003
1851,35,43,0.15864231691569822
1851,566,43,0.15864231691569822
1851,762,42,0.1549529607083564
1851,121,41,0.15126360450101456
1851,643,40,0.14757424829367274
1851,666,39,0.14388489208633093
1851,27,38,0.1401955358789891
1851,429,38,0.1401955358789891
1851,651,38,0.1401955358789891
1851,9,38,0.1401955358789891
1851,480,36,0.13281682346430548
1851,131,35,0.12912746725696367
1851,552,35,0.12912746725696367
1851,622,35,0.12912746725696367
1851,713,35,0.12912746725696367
1851,687,34,0.12543811104962185
1851,711,34,0.12543811104962185
1851,421,33,0.12174875484228002
1851,722,33,0.12174875484228002
1851,118,32,0.11805939863493821
1851,183,32,0.11805939863493821
1851,185,32,0.11805939863493821
1851,759,32,0.11805939863493821
1851,475,31,0.11437004242759638
1851,750,30,0.11068068622025456
1851,758,30,0.11068068622025456
1851,262,29,0.10699133001291275
1851,286,29,0.10699133001291275
1851,453,29,0.10699133001291275
1851,655,29,0.10699133001291275
1851,165,28,0.10330197380557093
1851,412,28,0.10330197380557093
1851,457,28,0.10330197380557093
1851,536,28,0.10330197380557093
1851,628,28,0.10330197380557093
1851,766,28,0.10330197380557093
1851,79,28,0.10330197380557093
1851,133,27,0.0996126175982291
1851,436,27,0.0996126175982291
1851,40,26,0.09592326139088729
1851,414,26,0.09592326139088729
1851,506,26,0.09592326139088729
1851,119,25,0.09223390518354548
1851,283,25,0.09223390518354548
1851,542,25,0.09223390518354548
1851,593,24,0.08854454897620365
1851,87,24,0.08854454897620365
1851,470,23,0.08485519276886183
1851,485,23,0.08485519276886183
1851,780,23,0.08485519276886183
1851,229,22,0.08116583656152002
1851,359,22,0.08116583656152002
1851,776,22,0.08116583656152002
1851,790,22,0.08116583656152002
1851,84,22,0.08116583656152002
1851,2,21,0.0774764803541782
1851,428,21,0.0774764803541782
1851,574,21,0.0774764803541782
1851,773,21,0.0774764803541782
1851,248,20,0.07378712414683637
1851,381,20,0.07378712414683637
1851,NA,20,0.07378712414683637
1851,127,19,0.07009776793949456
1851,134,19,0.07009776793949456
1851,163,19,0.07009776793949456
1851,214,19,0.07009776793949456
1851,365,19,0.07009776793949456
1851,425,19,0.07009776793949456
1851,507,19,0.07009776793949456
1851,795,19,0.07009776793949456
1851,111,18,0.06640841173215274
1851,292,18,0.06640841173215274
1851,462,18,0.06640841173215274
1851,484,18,0.06640841173215274
1851,685,18,0.06640841173215274
1851,787,18,0.06640841173215274
1851,117,17,0.06271905552481093
1851,294,17,0.06271905552481093
1851,616,17,0.06271905552481093
1851,141,16,0.059029699317469105
1851,216,16,0.059029699317469105
1851,269,16,0.059029699317469105
1851,28,16,0.059029699317469105
1851,333,16,0.059029699317469105
1851,482,16,0.059029699317469105
1851,550,16,0.059029699317469105
1851,106,15,0.05534034311012728
1851,128,15,0.05534034311012728
1851,253,15,0.05534034311012728
1851,509,15,0.05534034311012728
1851,516,15,0.05534034311012728
1851,529,15,0.05534034311012728
1851,613,15,0.05534034311012728
1851,692,15,0.05534034311012728
1851,708,15,0.05534034311012728
1851,710,15,0.05534034311012728
1851,170,14,0.05165098690278547
1851,557,14,0.05165098690278547
1851,677,14,0.05165098690278547
1851,765,14,0.05165098690278547
1851,102,13,0.047961630695443645
1851,198,13,0.047961630695443645
1851,260,13,0.047961630695443645
1851,33,13,0.047961630695443645
1851,596,13,0.047961630695443645
1851,693,13,0.047961630695443645
1851,712,13,0.047961630695443645
1851,93,13,0.047961630695443645
1851,116,12,0.04427227448810182
1851,196,12,0.04427227448810182
1851,244,12,0.04427227448810182
1851,247,12,0.04427227448810182
1851,432,12,0.04427227448810182
1851,434,12,0.04427227448810182
1851,437,12,0.04427227448810182
1851,452,12,0.04427227448810182
1851,520,12,0.04427227448810182
1851,768,12,0.04427227448810182
1851,796,12,0.04427227448810182
1851,108,11,0.04058291828076001
1851,132,11,0.04058291828076001
1851,139,11,0.04058291828076001
1851,254,11,0.04058291828076001
1851,275,11,0.04058291828076001
1851,443,11,0.04058291828076001
1851,481,11,0.04058291828076001
1851,486,11,0.04058291828076001
1851,55,11,0.04058291828076001
1851,584,11,0.04058291828076001
1851,61,11,0.04058291828076001
1851,631,11,0.04058291828076001
1851,680,11,0.04058291828076001
1851,142,10,0.036893562073418186
1851,162,10,0.036893562073418186
1851,205,10,0.036893562073418186
1851,224,10,0.036893562073418186
1851,246,10,0.036893562073418186
1851,290,10,0.036893562073418186
1851,293,10,0.036893562073418186
1851,302,10,0.036893562073418186
1851,37,10,0.036893562073418186
1851,39,10,0.036893562073418186
1851,4,10,0.036893562073418186
1851,473,10,0.036893562073418186
1851,476,10,0.036893562073418186
1851,52,10,0.036893562073418186
1851,559,10,0.036893562073418186
1851,576,10,0.036893562073418186
1851,578,10,0.036893562073418186
1851,619,10,0.036893562073418186
1851,640,10,0.036893562073418186
1851,8,10,0.036893562073418186
1851,100,9,0.03320420586607637
1851,113,9,0.03320420586607637
1851,124,9,0.03320420586607637
1851,135,9,0.03320420586607637
1851,137,9,0.03320420586607637
1851,204,9,0.03320420586607637
1851,274,9,0.03320420586607637
1851,281,9,0.03320420586607637
1851,369,9,0.03320420586607637
1851,408,9,0.03320420586607637
1851,438,9,0.03320420586607637
1851,440,9,0.03320420586607637
1851,465,9,0.03320420586607637
1851,479,9,0.03320420586607637
1851,487,9,0.03320420586607637
1851,65,9,0.03320420586607637
1851,714,9,0.03320420586607637
1851,751,9,0.03320420586607637
1851,777,9,0.03320420586607637
1851,115,8,0.029514849658734552
1851,145,8,0.029514849658734552
1851,15,8,0.029514849658734552
1851,474,8,0.029514849658734552
1851,477,8,0.029514849658734552
1851,498,8,0.029514849658734552
1851,510,8,0.029514849658734552
1851,528,8,0.029514849658734552
1851,577,8,0.029514849658734552
1851,617,8,0.029514849658734552
1851,626,8,0.029514849658734552
1851,630,8,0.029514849658734552
1851,679,8,0.029514849658734552
1851,88,8,0.029514849658734552
1851,101,7,0.025825493451392734
1851,105,7,0.025825493451392734
1851,184,7,0.025825493451392734
1851,219,7,0.025825493451392734
1851,258,7,0.025825493451392734
1851,263,7,0.025825493451392734
1851,301,7,0.025825493451392734
1851,386,7,0.025825493451392734
1851,42,7,0.025825493451392734
1851,455,7,0.025825493451392734
1851,468,7,0.025825493451392734
1851,469,7,0.025825493451392734
1851,512,7,0.025825493451392734
1851,561,7,0.025825493451392734
1851,564,7,0.025825493451392734
1851,587,7,0.025825493451392734
1851,591,7,0.025825493451392734
1851,599,7,0.025825493451392734
1851,611,7,0.025825493451392734
1851,614,7,0.025825493451392734
1851,627,7,0.025825493451392734
1851,662,7,0.025825493451392734
1851,715,7,0.025825493451392734
1851,78,7,0.025825493451392734
1851,797,7,0.025825493451392734
1851,89,7,0.025825493451392734
1851,999,7,0.025825493451392734
1851,103,6,0.02213613724405091
1851,112,6,0.02213613724405091
1851,169,6,0.02213613724405091
1851,182,6,0.02213613724405091
1851,188,6,0.02213613724405091
1851,201,6,0.02213613724405091
1851,22,6,0.02213613724405091
1851,279,6,0.02213613724405091
1851,289,6,0.02213613724405091
1851,349,6,0.02213613724405091
1851,426,6,0.02213613724405091
1851,511,6,0.02213613724405091
1851,522,6,0.02213613724405091
1851,533,6,0.02213613724405091
1851,569,6,0.02213613724405091
1851,612,6,0.02213613724405091
1851,638,6,0.02213613724405091
1851,661,6,0.02213613724405091
1851,702,6,0.02213613724405091
1851,704,6,0.02213613724405091
1851,706,6,0.02213613724405091
1851,707,6,0.02213613724405091
1851,81,6,0.02213613724405091
1851,138,5,0.018446781036709093
1851,221,5,0.018446781036709093
1851,226,5,0.018446781036709093
1851,255,5,0.018446781036709093
1851,271,5,0.018446781036709093
1851,295,5,0.018446781036709093
1851,307,5,0.018446781036709093
1851,352,5,0.018446781036709093
1851,36,5,0.018446781036709093
1851,366,5,0.018446781036709093
1851,393,5,0.018446781036709093
1851,415,5,0.018446781036709093
1851,463,5,0.018446781036709093
1851,478,5,0.018446781036709093
1851,525,5,0.018446781036709093
1851,53,5,0.018446781036709093
1851,54,5,0.018446781036709093
1851,543,5,0.018446781036709093
1851,592,5,0.018446781036709093
1851,610,5,0.018446781036709093
1851,620,5,0.018446781036709093
1851,632,5,0.018446781036709093
1851,634,5,0.018446781036709093
1851,650,5,0.018446781036709093
1851,658,5,0.018446781036709093
1851,771,5,0.018446781036709093
1851,782,5,0.018446781036709093
1851,94,5,0.018446781036709093
1851,114,4,0.014757424829367276
1851,136,4,0.014757424829367276
1851,151,4,0.014757424829367276
1851,178,4,0.014757424829367276
1851,179,4,0.014757424829367276
1851,180,4,0.014757424829367276
1851,19,4,0.014757424829367276
1851,206,4,0.014757424829367276
1851,211,4,0.014757424829367276
1851,230,4,0.014757424829367276
1851,261,4,0.014757424829367276
1851,267,4,0.014757424829367276
1851,32,4,0.014757424829367276
1851,363,4,0.014757424829367276
1851,370,4,0.014757424829367276
1851,376,4,0.014757424829367276
1851,382,4,0.014757424829367276
1851,387,4,0.014757424829367276
1851,407,4,0.014757424829367276
1851,417,4,0.014757424829367276
1851,451,4,0.014757424829367276
1851,46,4,0.014757424829367276
1851,518,4,0.014757424829367276
1851,531,4,0.014757424829367276
1851,546,4,0.014757424829367276
1851,623,4,0.014757424829367276
1851,649,4,0.014757424829367276
1851,66,4,0.014757424829367276
1851,684,4,0.014757424829367276
1851,699,4,0.014757424829367276
1851,725,4,0.014757424829367276
1851,727,4,0.014757424829367276
1851,774,4,0.014757424829367276
1851,90,4,0.014757424829367276
1851,10,3,0.011068068622025456
1851,109,3,0.011068068622025456
1851,159,3,0.011068068622025456
1851,186,3,0.011068068622025456
1851,203,3,0.011068068622025456
1851,208,3,0.011068068622025456
1851,220,3,0.011068068622025456
1851,25,3,0.011068068622025456
1851,268,3,0.011068068622025456
1851,297,3,0.011068068622025456
1851,298,3,0.011068068622025456
1851,313,3,0.011068068622025456
1851,316,3,0.011068068622025456
1851,319,3,0.011068068622025456
1851,354,3,0.011068068622025456
1851,355,3,0.011068068622025456
1851,379,3,0.011068068622025456
1851,400,3,0.011068068622025456
1851,41,3,0.011068068622025456
1851,433,3,0.011068068622025456
1851,444,3,0.011068068622025456
1851,45,3,0.011068068622025456
1851,488,3,0.011068068622025456
1851,489,3,0.011068068622025456
1851,526,3,0.011068068622025456
1851,547,3,0.011068068622025456
1851,595,3,0.011068068622025456
1851,597,3,0.011068068622025456
1851,64,3,0.011068068622025456
1851,646,3,0.011068068622025456
1851,657,3,0.011068068622025456
1851,671,3,0.011068068622025456
1851,696,3,0.011068068622025456
1851,698,3,0.011068068622025456
1851,731,3,0.011068068622025456
1851,756,3,0.011068068622025456
1851,764,3,0.011068068622025456
1851,769,3,0.011068068622025456
1851,775,3,0.011068068622025456
1851,778,3,0.011068068622025456
1851,97,3,0.011068068622025456
1851,99,3,0.011068068622025456
1851,1,2,0.007378712414683638
1851,107,2,0.007378712414683638
1851,122,2,0.007378712414683638
1851,129,2,0.007378712414683638
1851,161,2,0.007378712414683638
1851,190,2,0.007378712414683638
1851,193,2,0.007378712414683638
1851,200,2,0.007378712414683638
1851,207,2,0.007378712414683638
1851,210,2,0.007378712414683638
1851,24,2,0.007378712414683638
1851,249,2,0.007378712414683638
1851,257,2,0.007378712414683638
1851,265,2,0.007378712414683638
1851,270,2,0.007378712414683638
1851,299,2,0.007378712414683638
1851,309,2,0.007378712414683638
1851,315,2,0.007378712414683638
1851,317,2,0.007378712414683638
1851,339,2,0.007378712414683638
1851,356,2,0.007378712414683638
1851,358,2,0.007378712414683638
1851,367,2,0.007378712414683638
1851,389,2,0.007378712414683638
1851,397,2,0.007378712414683638
1851,411,2,0.007378712414683638
1851,416,2,0.007378712414683638
1851,418,2,0.007378712414683638
1851,422,2,0.007378712414683638
1851,427,2,0.007378712414683638
1851,435,2,0.007378712414683638
1851,439,2,0.007378712414683638
1851,448,2,0.007378712414683638
1851,456,2,0.007378712414683638
1851,458,2,0.007378712414683638
1851,494,2,0.007378712414683638
1851,497,2,0.007378712414683638
1851,50,2,0.007378712414683638
1851,515,2,0.007378712414683638
1851,545,2,0.007378712414683638
1851,556,2,0.007378712414683638
1851,588,2,0.007378712414683638
1851,601,2,0.007378712414683638
1851,605,2,0.007378712414683638
1851,618,2,0.007378712414683638
1851,624,2,0.007378712414683638
1851,63,2,0.007378712414683638
1851,648,2,0.007378712414683638
1851,660,2,0.007378712414683638
1851,674,2,0.007378712414683638
1851,681,2,0.007378712414683638
1851,689,2,0.007378712414683638
1851,69,2,0.007378712414683638
1851,690,2,0.007378712414683638
1851,7,2,0.007378712414683638
1851,717,2,0.007378712414683638
1851,720,2,0.007378712414683638
1851,728,2,0.007378712414683638
1851,730,2,0.007378712414683638
1851,734,2,0.007378712414683638
1851,742,2,0.007378712414683638
1851,743,2,0.007378712414683638
1851,744,2,0.007378712414683638
1851,781,2,0.007378712414683638
1851,95,2,0.007378712414683638
1851,0,1,0.003689356207341819
1851,110,1,0.003689356207341819
1851,1281,1,0.003689356207341819
1851,1340,1,0.003689356207341819
1851,1542,1,0.003689356207341819
1851,155,1,0.003689356207341819
1851,156,1,0.003689356207341819
1851,157,1,0.003689356207341819
1851,158,1,0.003689356207341819
1851,16,1,0.003689356207341819
1851,160,1,0.003689356207341819
1851,1623,1,0.003689356207341819
1851,164,1,0.003689356207341819
1851,172,1,0.003689356207341819
1851,1733,1,0.003689356207341819
1851,191,1,0.003689356207341819
1851,192,1,0.003689356207341819
1851,194,1,0.003689356207341819
1851,199,1,0.003689356207341819
1851,209,1,0.003689356207341819
1851,227,1,0.003689356207341819
1851,233,1,0.003689356207341819
1851,237,1,0.003689356207341819
1851,240,1,0.003689356207341819
1851,266,1,0.003689356207341819
1851,273,1,0.003689356207341819
1851,276,1,0.003689356207341819
1851,278,1,0.003689356207341819
1851,280,1,0.003689356207341819
1851,282,1,0.003689356207341819
1851,2876,1,0.003689356207341819
1851,291,1,0.003689356207341819
1851,296,1,0.003689356207341819
1851,3,1,0.003689356207341819
1851,30,1,0.003689356207341819
1851,300,1,0.003689356207341819
1851,308,1,0.003689356207341819
1851,3080,1,0.003689356207341819
1851,312,1,0.003689356207341819
1851,314,1,0.003689356207341819
1851,318,1,0.003689356207341819
1851,323,1,0.003689356207341819
1851,326,1,0.003689356207341819
1851,330,1,0.003689356207341819
1851,336,1,0.003689356207341819
1851,343,1,0.003689356207341819
1851,347,1,0.003689356207341819
1851,350,1,0.003689356207341819
1851,360,1,0.003689356207341819
1851,368,1,0.003689356207341819
1851,38,1,0.003689356207341819
1851,380,1,0.003689356207341819
1851,384,1,0.003689356207341819
1851,390,1,0.003689356207341819
1851,392,1,0.003689356207341819
1851,395,1,0.003689356207341819
1851,398,1,0.003689356207341819
1851,401,1,0.003689356207341819
1851,404,1,0.003689356207341819
1851,413,1,0.003689356207341819
1851,420,1,0.003689356207341819
1851,424,1,0.003689356207341819
1851,4240,1,0.003689356207341819
1851,430,1,0.003689356207341819
1851,431,1,0.003689356207341819
1851,445,1,0.003689356207341819
1851,446,1,0.003689356207341819
1851,447,1,0.003689356207341819
1851,450,1,0.003689356207341819
1851,454,1,0.003689356207341819
1851,466,1,0.003689356207341819
1851,47,1,0.003689356207341819
1851,471,1,0.003689356207341819
1851,483,1,0.003689356207341819
1851,492,1,0.003689356207341819
1851,496,1,0.003689356207341819
1851,500,1,0.003689356207341819
1851,502,1,0.003689356207341819
1851,505,1,0.003689356207341819
1851,51,1,0.003689356207341819
1851,5166,1,0.003689356207341819
1851,521,1,0.003689356207341819
1851,524,1,0.003689356207341819
1851,530,1,0.003689356207341819
1851,539,1,0.003689356207341819
1851,57,1,0.003689356207341819
1851,570,1,0.003689356207341819
1851,573,1,0.003689356207341819
1851,575,1,0.003689356207341819
1851,58,1,0.003689356207341819
1851,589,1,0.003689356207341819
1851,598,1,0.003689356207341819
1851,600,1,0.003689356207341819
1851,633,1,0.003689356207341819
1851,652,1,0.003689356207341819
1851,656,1,0.003689356207341819
1851,659,1,0.003689356207341819
1851,667,1,0.003689356207341819
1851,668,1,0.003689356207341819
1851,669,1,0.003689356207341819
1851,673,1,0.003689356207341819
1851,676,1,0.003689356207341819
1851,678,1,0.003689356207341819
1851,695,1,0.003689356207341819
1851,70,1,0.003689356207341819
1851,701,1,0.003689356207341819
1851,72,1,0.003689356207341819
1851,721,1,0.003689356207341819
1851,73,1,0.003689356207341819
1851,732,1,0.003689356207341819
1851,733,1,0.003689356207341819
1851,736,1,0.003689356207341819
1851,738,1,0.003689356207341819
1851,745,1,0.003689356207341819
1851,747,1,0.003689356207341819
1851,760,1,0.003689356207341819
1851,77,1,0.003689356207341819
1851,783,1,0.003689356207341819
1851,786,1,0.003689356207341819
1851,794,1,0.003689356207341819
1851,80,1,0.003689356207341819
1851,82,1,0.003689356207341819
1851,83,1,0.003689356207341819
1861,177,13103,27.131734791071356
1861,761,3736,7.735950635689734
1861,555,3152,6.526690686213608
1861,788,1736,3.594649438853688
1861,789,1487,3.0790574398476003
1861,572,1113,2.3046341160392596
1861,551,1011,2.0934277550006213
1861,120,964,1.996107176874974
1861,791,792,1.6399552739470742
1861,724,732,1.5157162380419928
1861,374,720,1.4908684308609765
1861,772,610,1.263096865034994
1861,173,576,1.1926947446887812
1861,125,459,0.9504286246738726
1861,549,446,0.9235101668944382
1861,608,440,0.91108626330393
1861,723,435,0.9007330103118399
1861,11,423,0.8758852031308237
1861,571,401,0.8303308899656272
1861,606,398,0.8241189381703732
1861,579,388,0.8034124321861928
1861,562,379,0.7847765768004307
1861,560,367,0.7599287696194145
1861,654,344,0.7123038058557999
1861,580,316,0.6543255891000952
1861,202,312,0.6460429867064231
1861,6,303,0.627407131320661
1861,14,256,0.5300865531950139
1861,181,237,0.49074419182507145
1861,91,235,0.4866028906282354
1861,405,229,0.47417898703772726
1861,548,218,0.451401830455129
1861,409,206,0.42655402327411274
1861,334,196,0.4058475172899325
1861,12,192,0.3975649148962604
1861,653,191,0.3954942642978424
1861,241,174,0.360293204124736
1861,272,172,0.35615190292789994
1861,166,163,0.33751604754213776
1861,329,160,0.3313040957468837
1861,607,143,0.29610303557377726
1861,13,141,0.29196173437694123
1861,464,138,0.28574978258168715
1861,625,132,0.27332587899117905
1861,709,130,0.26918457779434296
1861,467,129,0.26711392719592497
1861,697,123,0.2546900236054168
1861,713,121,0.2505487224085808
1861,259,112,0.23191286702281858
1861,568,110,0.2277715658259825
1861,565,109,0.2257009152275645
1861,686,109,0.2257009152275645
1861,519,107,0.22155961403072846
1861,429,105,0.2174183128338924
1861,537,103,0.21327701163705637
1861,131,102,0.21120636103863835
1861,766,101,0.2091357104402203
1861,770,101,0.2091357104402203
1861,235,99,0.20499440924338427
1861,459,99,0.20499440924338427
1861,691,96,0.1987824574481302
1861,262,95,0.19671180684971218
1861,127,91,0.18842920445604008
1861,663,91,0.18842920445604008
1861,566,90,0.18635855385762207
1861,168,86,0.17807595146394997
1861,558,86,0.17807595146394997
1861,123,84,0.17393465026711394
1861,133,83,0.1718639996686959
1861,175,81,0.16772269847185986
1861,480,80,0.16565204787344184
1861,666,80,0.16565204787344184
1861,583,79,0.1635813972750238
1861,134,77,0.15944009607818777
1861,643,76,0.15736944547976975
1861,711,76,0.15736944547976975
1861,461,74,0.1532281442829337
1861,79,74,0.1532281442829337
1861,722,73,0.15115749368451567
1861,762,72,0.14908684308609765
1861,5,71,0.14701619248767964
1861,682,71,0.14701619248767964
1861,593,67,0.13873359009400754
1861,790,66,0.13666293949558952
1861,414,65,0.13459228889717148
1861,421,65,0.13459228889717148
1861,183,63,0.13045098770033545
1861,348,63,0.13045098770033545
1861,118,62,0.12838033710191743
1861,119,62,0.12838033710191743
1861,121,62,0.12838033710191743
1861,2,58,0.12009773470824534
1861,758,58,0.12009773470824534
1861,286,57,0.1180270841098273
1861,655,57,0.1180270841098273
1861,574,56,0.11595643351140929
1861,141,55,0.11388578291299126
1861,765,54,0.11181513231457324
1861,128,53,0.10974448171615521
1861,795,53,0.10974448171615521
1861,111,52,0.10767383111773719
1861,470,52,0.10767383111773719
1861,185,51,0.10560318051931918
1861,242,50,0.10353252992090115
1861,279,50,0.10353252992090115
1861,687,50,0.10353252992090115
1861,381,49,0.10146187932248313
1861,485,47,0.09732057812564708
1861,759,47,0.09732057812564708
1861,436,46,0.09524992752722905
1861,244,45,0.09317927692881103
1861,294,45,0.09317927692881103
1861,167,44,0.091108626330393
1861,768,44,0.091108626330393
1861,84,44,0.091108626330393
1861,596,43,0.08903797573197499
1861,35,42,0.08696732513355697
1861,216,41,0.08489667453513894
1861,776,40,0.08282602393672092
1861,292,39,0.08075537333830289
1861,412,39,0.08075537333830289
1861,453,38,0.07868472273988487
1861,628,38,0.07868472273988487
1861,198,37,0.07661407214146684
1861,165,36,0.07454342154304883
1861,27,36,0.07454342154304883
1861,484,36,0.07454342154304883
1861,787,36,0.07454342154304883
1861,40,35,0.07247277094463081
1861,550,35,0.07247277094463081
1861,196,34,0.07040212034621278
1861,61,34,0.07040212034621278
1861,677,34,0.07040212034621278
1861,712,33,0.06833146974779476
1861,106,32,0.06626081914937673
1861,87,32,0.06626081914937673
1861,117,31,0.06419016855095871
1861,263,31,0.06419016855095871
1861,349,31,0.06419016855095871
1861,509,31,0.06419016855095871
1861,9,31,0.06419016855095871
1861,293,30,0.06211951795254069
1861,369,30,0.06211951795254069
1861,576,30,0.06211951795254069
1861,428,29,0.06004886735412267
1861,613,29,0.06004886735412267
1861,640,29,0.06004886735412267
1861,536,28,0.057978216755704644
1861,622,28,0.057978216755704644
1861,457,27,0.05590756615728662
1861,142,26,0.053836915558868596
1861,224,26,0.053836915558868596
1861,750,26,0.053836915558868596
1861,274,25,0.05176626496045057
1861,290,25,0.05176626496045057
1861,333,25,0.05176626496045057
1861,561,25,0.05176626496045057
1861,591,25,0.05176626496045057
1861,680,24,0.04969561436203255
1861,132,23,0.047624963763614525
1861,170,23,0.047624963763614525
1861,178,23,0.047624963763614525
1861,283,23,0.047624963763614525
1861,584,23,0.047624963763614525
1861,248,22,0.0455543131651965
1861,432,22,0.0455543131651965
1861,506,22,0.0455543131651965
1861,529,22,0.0455543131651965
1861,542,22,0.0455543131651965
1861,55,22,0.0455543131651965
1861,552,22,0.0455543131651965
1861,651,22,0.0455543131651965
1861,727,22,0.0455543131651965
1861,771,22,0.0455543131651965
1861,8,22,0.0455543131651965
1861,103,21,0.043483662566778485
1861,145,21,0.043483662566778485
1861,359,21,0.043483662566778485
1861,365,21,0.043483662566778485
1861,39,21,0.043483662566778485
1861,638,21,0.043483662566778485
1861,710,21,0.043483662566778485
1861,15,20,0.04141301196836046
1861,180,20,0.04141301196836046
1861,295,20,0.04141301196836046
1861,440,20,0.04141301196836046
1861,631,20,0.04141301196836046
1861,708,20,0.04141301196836046
1861,796,20,0.04141301196836046
1861,116,19,0.03934236136994244
1861,139,19,0.03934236136994244
1861,163,19,0.03934236136994244
1861,219,19,0.03934236136994244
1861,246,19,0.03934236136994244
1861,275,19,0.03934236136994244
1861,425,19,0.03934236136994244
1861,443,19,0.03934236136994244
1861,616,19,0.03934236136994244
1861,160,18,0.03727171077152441
1861,179,18,0.03727171077152441
1861,201,18,0.03727171077152441
1861,269,18,0.03727171077152441
1861,271,18,0.03727171077152441
1861,378,18,0.03727171077152441
1861,462,18,0.03727171077152441
1861,610,18,0.03727171077152441
1861,714,18,0.03727171077152441
1861,188,17,0.03520106017310639
1861,260,17,0.03520106017310639
1861,352,17,0.03520106017310639
1861,37,17,0.03520106017310639
1861,465,17,0.03520106017310639
1861,473,17,0.03520106017310639
1861,476,17,0.03520106017310639
1861,559,17,0.03520106017310639
1861,64,17,0.03520106017310639
1861,135,16,0.033130409574688366
1861,229,16,0.033130409574688366
1861,463,16,0.033130409574688366
1861,744,16,0.033130409574688366
1861,773,16,0.033130409574688366
1861,780,16,0.033130409574688366
1861,93,16,0.033130409574688366
1861,41,15,0.031059758976270346
1861,426,15,0.031059758976270346
1861,437,15,0.031059758976270346
1861,692,15,0.031059758976270346
1861,158,14,0.028989108377852322
1861,214,14,0.028989108377852322
1861,247,14,0.028989108377852322
1861,253,14,0.028989108377852322
1861,452,14,0.028989108377852322
1861,516,14,0.028989108377852322
1861,520,14,0.028989108377852322
1861,599,14,0.028989108377852322
1861,63,14,0.028989108377852322
1861,693,14,0.028989108377852322
1861,715,14,0.028989108377852322
1861,769,14,0.028989108377852322
1861,108,13,0.026918457779434298
1861,207,13,0.026918457779434298
1861,226,13,0.026918457779434298
1861,289,13,0.026918457779434298
1861,479,13,0.026918457779434298
1861,52,13,0.026918457779434298
1861,592,13,0.026918457779434298
1861,627,13,0.026918457779434298
1861,707,13,0.026918457779434298
1861,113,12,0.024847807181016274
1861,33,12,0.024847807181016274
1861,340,12,0.024847807181016274
1861,438,12,0.024847807181016274
1861,507,12,0.024847807181016274
1861,546,12,0.024847807181016274
1861,557,12,0.024847807181016274
1861,650,12,0.024847807181016274
1861,685,12,0.024847807181016274
1861,90,12,0.024847807181016274
1861,114,11,0.02277715658259825
1861,161,11,0.02277715658259825
1861,184,11,0.02277715658259825
1861,254,11,0.02277715658259825
1861,28,11,0.02277715658259825
1861,382,11,0.02277715658259825
1861,4,11,0.02277715658259825
1861,469,11,0.02277715658259825
1861,481,11,0.02277715658259825
1861,512,11,0.02277715658259825
1861,528,11,0.02277715658259825
1861,578,11,0.02277715658259825
1861,66,11,0.02277715658259825
1861,777,11,0.02277715658259825
1861,94,11,0.02277715658259825
1861,105,10,0.02070650598418023
1861,109,10,0.02070650598418023
1861,172,10,0.02070650598418023
1861,182,10,0.02070650598418023
1861,22,10,0.02070650598418023
1861,258,10,0.02070650598418023
1861,468,10,0.02070650598418023
1861,482,10,0.02070650598418023
1861,487,10,0.02070650598418023
1861,533,10,0.02070650598418023
1861,543,10,0.02070650598418023
1861,563,10,0.02070650598418023
1861,612,10,0.02070650598418023
1861,646,10,0.02070650598418023
1861,730,10,0.02070650598418023
1861,77,10,0.02070650598418023
1861,999,10,0.02070650598418023
1861,124,9,0.018635855385762207
1861,137,9,0.018635855385762207
1861,221,9,0.018635855385762207
1861,318,9,0.018635855385762207
1861,366,9,0.018635855385762207
1861,42,9,0.018635855385762207
1861,434,9,0.018635855385762207
1861,47,9,0.018635855385762207
1861,510,9,0.018635855385762207
1861,547,9,0.018635855385762207
1861,618,9,0.018635855385762207
1861,662,9,0.018635855385762207
1861,706,9,0.018635855385762207
1861,88,9,0.018635855385762207
1861,89,9,0.018635855385762207
1861,122,8,0.016565204787344183
1861,203,8,0.016565204787344183
1861,230,8,0.016565204787344183
1861,280,8,0.016565204787344183
1861,317,8,0.016565204787344183
1861,376,8,0.016565204787344183
1861,502,8,0.016565204787344183
1861,556,8,0.016565204787344183
1861,611,8,0.016565204787344183
1861,617,8,0.016565204787344183
1861,619,8,0.016565204787344183
1861,630,8,0.016565204787344183
1861,699,8,0.016565204787344183
1861,725,8,0.016565204787344183
1861,751,8,0.016565204787344183
1861,112,7,0.014494554188926161
1861,136,7,0.014494554188926161
1861,157,7,0.014494554188926161
1861,162,7,0.014494554188926161
1861,200,7,0.014494554188926161
1861,208,7,0.014494554188926161
1861,210,7,0.014494554188926161
1861,266,7,0.014494554188926161
1861,268,7,0.014494554188926161
1861,313,7,0.014494554188926161
1861,358,7,0.014494554188926161
1861,36,7,0.014494554188926161
1861,370,7,0.014494554188926161
1861,408,7,0.014494554188926161
1861,478,7,0.014494554188926161
1861,496,7,0.014494554188926161
1861,51,7,0.014494554188926161
1861,623,7,0.014494554188926161
1861,648,7,0.014494554188926161
1861,717,7,0.014494554188926161
1861,764,7,0.014494554188926161
1861,100,6,0.012423903590508137
1861,102,6,0.012423903590508137
1861,278,6,0.012423903590508137
1861,281,6,0.012423903590508137
1861,319,6,0.012423903590508137
1861,354,6,0.012423903590508137
1861,357,6,0.012423903590508137
1861,400,6,0.012423903590508137
1861,455,6,0.012423903590508137
1861,488,6,0.012423903590508137
1861,489,6,0.012423903590508137
1861,498,6,0.012423903590508137
1861,524,6,0.012423903590508137
1861,53,6,0.012423903590508137
1861,530,6,0.012423903590508137
1861,577,6,0.012423903590508137
1861,65,6,0.012423903590508137
1861,731,6,0.012423903590508137
1861,81,6,0.012423903590508137
1861,1,5,0.010353252992090115
1861,115,5,0.010353252992090115
1861,151,5,0.010353252992090115
1861,186,5,0.010353252992090115
1861,19,5,0.010353252992090115
1861,190,5,0.010353252992090115
1861,199,5,0.010353252992090115
1861,204,5,0.010353252992090115
1861,209,5,0.010353252992090115
1861,217,5,0.010353252992090115
1861,265,5,0.010353252992090115
1861,267,5,0.010353252992090115
1861,270,5,0.010353252992090115
1861,302,5,0.010353252992090115
1861,339,5,0.010353252992090115
1861,377,5,0.010353252992090115
1861,393,5,0.010353252992090115
1861,411,5,0.010353252992090115
1861,417,5,0.010353252992090115
1861,477,5,0.010353252992090115
1861,526,5,0.010353252992090115
1861,614,5,0.010353252992090115
1861,634,5,0.010353252992090115
1861,657,5,0.010353252992090115
1861,658,5,0.010353252992090115
1861,679,5,0.010353252992090115
1861,718,5,0.010353252992090115
1861,775,5,0.010353252992090115
1861,78,5,0.010353252992090115
1861,107,4,0.008282602393672091
1861,205,4,0.008282602393672091
1861,220,4,0.008282602393672091
1861,227,4,0.008282602393672091
1861,24,4,0.008282602393672091
1861,255,4,0.008282602393672091
1861,276,4,0.008282602393672091
1861,3,4,0.008282602393672091
1861,306,4,0.008282602393672091
1861,330,4,0.008282602393672091
1861,343,4,0.008282602393672091
1861,347,4,0.008282602393672091
1861,360,4,0.008282602393672091
1861,367,4,0.008282602393672091
1861,379,4,0.008282602393672091
1861,415,4,0.008282602393672091
1861,416,4,0.008282602393672091
1861,433,4,0.008282602393672091
1861,435,4,0.008282602393672091
1861,441,4,0.008282602393672091
1861,45,4,0.008282602393672091
1861,451,4,0.008282602393672091
1861,483,4,0.008282602393672091
1861,486,4,0.008282602393672091
1861,497,4,0.008282602393672091
1861,511,4,0.008282602393672091
1861,569,4,0.008282602393672091
1861,60,4,0.008282602393672091
1861,659,4,0.008282602393672091
1861,661,4,0.008282602393672091
1861,69,4,0.008282602393672091
1861,690,4,0.008282602393672091
1861,702,4,0.008282602393672091
1861,728,4,0.008282602393672091
1861,734,4,0.008282602393672091
1861,740,4,0.008282602393672091
1861,747,4,0.008282602393672091
1861,756,4,0.008282602393672091
1861,786,4,0.008282602393672091
1861,99,4,0.008282602393672091
1861,164,3,0.006211951795254069
1861,171,3,0.006211951795254069
1861,228,3,0.006211951795254069
1861,257,3,0.006211951795254069
1861,264,3,0.006211951795254069
1861,297,3,0.006211951795254069
1861,298,3,0.006211951795254069
1861,301,3,0.006211951795254069
1861,315,3,0.006211951795254069
1861,316,3,0.006211951795254069
1861,331,3,0.006211951795254069
1861,363,3,0.006211951795254069
1861,380,3,0.006211951795254069
1861,386,3,0.006211951795254069
1861,422,3,0.006211951795254069
1861,442,3,0.006211951795254069
1861,444,3,0.006211951795254069
1861,446,3,0.006211951795254069
1861,447,3,0.006211951795254069
1861,448,3,0.006211951795254069
1861,46,3,0.006211951795254069
1861,474,3,0.006211951795254069
1861,50,3,0.006211951795254069
1861,500,3,0.006211951795254069
1861,518,3,0.006211951795254069
1861,525,3,0.006211951795254069
1861,531,3,0.006211951795254069
1861,54,3,0.006211951795254069
1861,545,3,0.006211951795254069
1861,570,3,0.006211951795254069
1861,587,3,0.006211951795254069
1861,594,3,0.006211951795254069
1861,620,3,0.006211951795254069
1861,632,3,0.006211951795254069
1861,649,3,0.006211951795254069
1861,671,3,0.006211951795254069
1861,683,3,0.006211951795254069
1861,689,3,0.006211951795254069
1861,72,3,0.006211951795254069
1861,733,3,0.006211951795254069
1861,745,3,0.006211951795254069
1861,75,3,0.006211951795254069
1861,76,3,0.006211951795254069
1861,778,3,0.006211951795254069
1861,779,3,0.006211951795254069
1861,782,3,0.006211951795254069
1861,80,3,0.006211951795254069
1861,95,3,0.006211951795254069
1861,97,3,0.006211951795254069
1861,110,2,0.004141301196836046
1861,129,2,0.004141301196836046
1861,169,2,0.004141301196836046
1861,194,2,0.004141301196836046
1861,232,2,0.004141301196836046
1861,233,2,0.004141301196836046
1861,245,2,0.004141301196836046
1861,251,2,0.004141301196836046
1861,261,2,0.004141301196836046
1861,273,2,0.004141301196836046
1861,30,2,0.004141301196836046
1861,300,2,0.004141301196836046
1861,305,2,0.004141301196836046
1861,308,2,0.004141301196836046
1861,309,2,0.004141301196836046
1861,311,2,0.004141301196836046
1861,314,2,0.004141301196836046
1861,320,2,0.004141301196836046
1861,344,2,0.004141301196836046
1861,350,2,0.004141301196836046
1861,356,2,0.004141301196836046
1861,368,2,0.004141301196836046
1861,387,2,0.004141301196836046
1861,388,2,0.004141301196836046
1861,389,2,0.004141301196836046
1861,397,2,0.004141301196836046
1861,398,2,0.004141301196836046
1861,399,2,0.004141301196836046
1861,404,2,0.004141301196836046
1861,407,2,0.004141301196836046
1861,410,2,0.004141301196836046
1861,413,2,0.004141301196836046
1861,420,2,0.004141301196836046
1861,431,2,0.004141301196836046
1861,445,2,0.004141301196836046
1861,450,2,0.004141301196836046
1861,458,2,0.004141301196836046
1861,515,2,0.004141301196836046
1861,535,2,0.004141301196836046
1861,538,2,0.004141301196836046
1861,539,2,0.004141301196836046
1861,564,2,0.004141301196836046
1861,586,2,0.004141301196836046
1861,605,2,0.004141301196836046
1861,624,2,0.004141301196836046
1861,626,2,0.004141301196836046
1861,635,2,0.004141301196836046
1861,652,2,0.004141301196836046
1861,656,2,0.004141301196836046
1861,665,2,0.004141301196836046
1861,669,2,0.004141301196836046
1861,694,2,0.004141301196836046
1861,695,2,0.004141301196836046
1861,7,2,0.004141301196836046
1861,701,2,0.004141301196836046
1861,720,2,0.004141301196836046
1861,721,2,0.004141301196836046
1861,738,2,0.004141301196836046
1861,760,2,0.004141301196836046
1861,774,2,0.004141301196836046
1861,783,2,0.004141301196836046
1861,82,2,0.004141301196836046
1861,83,2,0.004141301196836046
1861,10,1,0.002070650598418023
1861,101,1,0.002070650598418023
1861,126,1,0.002070650598418023
1861,130,1,0.002070650598418023
1861,143,1,0.002070650598418023
1861,146,1,0.002070650598418023
1861,148,1,0.002070650598418023
1861,149,1,0.002070650598418023
1861,150,1,0.002070650598418023
1861,155,1,0.002070650598418023
1861,159,1,0.002070650598418023
1861,16,1,0.002070650598418023
1861,17,1,0.002070650598418023
1861,21,1,0.002070650598418023
1861,211,1,0.002070650598418023
1861,212,1,0.002070650598418023
1861,225,1,0.002070650598418023
1861,243,1,0.002070650598418023
1861,250,1,0.002070650598418023
1861,277,1,0.002070650598418023
1861,285,1,0.002070650598418023
1861,29,1,0.002070650598418023
1861,296,1,0.002070650598418023
1861,307,1,0.002070650598418023
1861,310,1,0.002070650598418023
1861,321,1,0.002070650598418023
1861,326,1,0.002070650598418023
1861,337,1,0.002070650598418023
1861,34,1,0.002070650598418023
1861,345,1,0.002070650598418023
1861,38,1,0.002070650598418023
1861,392,1,0.002070650598418023
1861,395,1,0.002070650598418023
1861,396,1,0.002070650598418023
1861,418,1,0.002070650598418023
1861,419,1,0.002070650598418023
1861,43,1,0.002070650598418023
1861,430,1,0.002070650598418023
1861,439,1,0.002070650598418023
1861,44,1,0.002070650598418023
1861,456,1,0.002070650598418023
1861,466,1,0.002070650598418023
1861,471,1,0.002070650598418023
1861,472,1,0.002070650598418023
1861,48,1,0.002070650598418023
1861,491,1,0.002070650598418023
1861,493,1,0.002070650598418023
1861,494,1,0.002070650598418023
1861,501,1,0.002070650598418023
1861,505,1,0.002070650598418023
1861,508,1,0.002070650598418023
1861,521,1,0.002070650598418023
1861,522,1,0.002070650598418023
1861,527,1,0.002070650598418023
1861,540,1,0.002070650598418023
1861,553,1,0.002070650598418023
1861,554,1,0.002070650598418023
1861,57,1,0.002070650598418023
1861,573,1,0.002070650598418023
1861,575,1,0.002070650598418023
1861,588,1,0.002070650598418023
1861,595,1,0.002070650598418023
1861,597,1,0.002070650598418023
1861,615,1,0.002070650598418023
1861,633,1,0.002070650598418023
1861,639,1,0.002070650598418023
1861,641,1,0.002070650598418023
1861,644,1,0.002070650598418023
1861,664,1,0.002070650598418023
1861,673,1,0.002070650598418023
1861,674,1,0.002070650598418023
1861,676,1,0.002070650598418023
1861,681,1,0.002070650598418023
1861,698,1,0.002070650598418023
1861,70,1,0.002070650598418023
1861,704,1,0.002070650598418023
1861,732,1,0.002070650598418023
1861,742,1,0.002070650598418023
1861,757,1,0.002070650598418023
1861,767,1,0.002070650598418023
1861,781,1,0.002070650598418023
1861,797,1,0.002070650598418023
1881,177,15312,14.11829791157623
1881,555,5442,5.017749296943433
1881,761,3747,3.454889124521691
1881,120,3729,3.438292379327832
1881,789,3617,3.335023742566041
1881,788,2953,2.7227882531925682
1881,724,2095,1.9316767322852797
1881,572,1972,1.8182656401272417
1881,713,1909,1.7601770319487344
1881,551,1635,1.5075376884422111
1881,202,1531,1.4116453828776911
1881,711,1514,1.395970679083491
1881,405,1353,1.2475220137384169
1881,723,1321,1.2180166889493338
1881,125,1272,1.1728366603660505
1881,697,1204,1.110137845189249
1881,374,1160,1.0695680236042597
1881,81,1102,1.0160896224240468
1881,791,1065,0.9819740906366696
1881,560,1043,0.961689179844175
1881,562,948,0.8740952468765848
1881,772,797,0.7348669955280992
1881,666,773,0.7127380019362869
1881,571,745,0.6869208427458393
1881,464,724,0.6675579733530036
1881,409,719,0.6629477663547093
1881,537,712,0.6564934765570974
1881,549,688,0.6343644829652851
1881,173,685,0.6315983587663087
1881,131,684,0.6306763173666498
1881,334,643,0.5928726199806371
1881,709,630,0.5808860817850722
1881,166,628,0.5790419989857545
1881,608,624,0.5753538333871191
1881,653,596,0.5495366741966714
1881,480,595,0.5486146327970126
1881,654,588,0.5421603429994006
1881,579,587,0.5412383015997418
1881,663,586,0.5403162602000829
1881,12,574,0.5292517634041769
1881,722,568,0.5237195150062238
1881,628,513,0.47300723802498734
1881,606,506,0.4665529482273754
1881,13,499,0.4600986584297635
1881,181,496,0.45733253423078696
1881,133,475,0.43796966483795124
1881,6,469,0.43243741643999817
1881,259,464,0.42782720944170394
1881,691,457,0.421372919644092
1881,11,435,0.40108800885159746
1881,686,426,0.39278963625466784
1881,759,423,0.3900235120556913
1881,459,397,0.36605043566456136
1881,329,391,0.3605181872666083
1881,429,358,0.3300908210778664
1881,123,356,0.3282467382785487
1881,481,344,0.31718224148264257
1881,770,320,0.2950532478908303
1881,124,317,0.2922871236918538
1881,241,304,0.2803005854962888
1881,235,299,0.27569037849799455
1881,244,299,0.27569037849799455
1881,687,294,0.2710801714997003
1881,14,291,0.2683140473007238
1881,79,290,0.26739200590106493
1881,467,286,0.2637038403024296
1881,519,282,0.2600156747037942
1881,91,282,0.2600156747037942
1881,242,271,0.2498732193075469
1881,90,260,0.2397307639112996
1881,118,258,0.23788668111198194
1881,168,256,0.23604259831266425
1881,183,255,0.2351205569130054
1881,453,252,0.23235443271402886
1881,127,244,0.2249781015167581
1881,263,243,0.22405606011709925
1881,2,233,0.21483564612051081
1881,758,233,0.21483564612051081
1881,369,230,0.21206952192153428
1881,607,230,0.21206952192153428
1881,766,227,0.20930339772255774
1881,558,225,0.20745931492324005
1881,283,224,0.2065372735235812
1881,272,223,0.20561523212392235
1881,565,222,0.2046931907242635
1881,106,220,0.20284910792494584
1881,682,217,0.2000829837259693
1881,27,216,0.19916094232631046
1881,580,210,0.19362869392835738
1881,592,208,0.1917846111290397
1881,175,207,0.19086256972938084
1881,762,203,0.18717440413074546
1881,139,201,0.1853303213314278
1881,536,197,0.1816421557327924
1881,529,193,0.17795399013415703
1881,622,193,0.17795399013415703
1881,294,192,0.17703194873449818
1881,593,192,0.17703194873449818
1881,461,191,0.17610990733483933
1881,262,186,0.1714997003365451
1881,485,185,0.17057765893688626
1881,121,184,0.1696556175372274
1881,436,184,0.1696556175372274
1881,111,183,0.16873357613756856
1881,35,183,0.16873357613756856
1881,381,183,0.16873357613756856
1881,566,182,0.16781153473790975
1881,708,181,0.1668894933382509
1881,224,180,0.16596745193859205
1881,655,180,0.16596745193859205
1881,680,176,0.16227928633995667
1881,134,173,0.15951316214098013
1881,548,173,0.15951316214098013
1881,167,171,0.15766907934166244
1881,421,171,0.15766907934166244
1881,414,170,0.1567470379420036
1881,552,168,0.1549029551426859
1881,712,163,0.1502927481443917
1881,583,161,0.148448665345074
1881,141,160,0.14752662394541516
1881,568,160,0.14752662394541516
1881,170,159,0.1466045825457563
1881,360,157,0.14476049974643862
1881,498,157,0.14476049974643862
1881,412,155,0.14291641694712093
1881,275,154,0.14199437554746208
1881,179,153,0.14107233414780324
1881,119,151,0.13922825134848554
1881,699,150,0.1383062099488267
1881,279,148,0.136462127149509
1881,643,145,0.13369600295053247
1881,253,144,0.13277396155087362
1881,484,144,0.13277396155087362
1881,662,140,0.12908579595223826
1881,482,138,0.12724171315292057
1881,462,137,0.12631967175326173
1881,507,137,0.12631967175326173
1881,365,134,0.12355354755428519
1881,727,133,0.12263150615462634
1881,130,129,0.11894334055599097
1881,165,129,0.11894334055599097
1881,465,129,0.11894334055599097
1881,768,129,0.11894334055599097
1881,286,127,0.11709925775667328
1881,443,127,0.11709925775667328
1881,547,122,0.11248905075837905
1881,790,121,0.1115670093587202
1881,574,120,0.11064496795906135
1881,625,120,0.11064496795906135
1881,348,118,0.10880088515974368
1881,488,114,0.10511271956110829
1881,506,114,0.10511271956110829
1881,470,113,0.10419067816144945
1881,246,112,0.1032686367617906
1881,543,112,0.1032686367617906
1881,714,111,0.10234659536213175
1881,457,110,0.10142455396247292
1881,542,108,0.09958047116315523
1881,651,106,0.09773638836383754
1881,214,105,0.09681434696417869
1881,132,104,0.09589230556451984
1881,88,104,0.09589230556451984
1881,216,102,0.09404822276520215
1881,219,102,0.09404822276520215
1881,596,102,0.09404822276520215
1881,105,98,0.09036005716656678
1881,659,98,0.09036005716656678
1881,677,96,0.08851597436724909
1881,9,96,0.08851597436724909
1881,103,94,0.0866718915679314
1881,116,94,0.0866718915679314
1881,198,94,0.0866718915679314
1881,292,94,0.0866718915679314
1881,229,93,0.08574985016827255
1881,434,90,0.08298372596929603
1881,692,89,0.08206168456963718
1881,382,88,0.08113964316997833
1881,37,87,0.08021760177031949
1881,162,86,0.07929556037066064
1881,432,86,0.07929556037066064
1881,248,85,0.0783735189710018
1881,227,84,0.07745147757134295
1881,319,83,0.0765294361716841
1881,40,82,0.07560739477202526
1881,706,80,0.07376331197270758
1881,185,79,0.07284127057304873
1881,765,79,0.07284127057304873
1881,710,78,0.07191922917338989
1881,756,78,0.07191922917338989
1881,260,77,0.07099718777373104
1881,473,77,0.07099718777373104
1881,476,77,0.07099718777373104
1881,87,77,0.07099718777373104
1881,638,76,0.0700751463740722
1881,428,75,0.06915310497441335
1881,142,74,0.0682310635747545
1881,290,74,0.0682310635747545
1881,408,74,0.0682310635747545
1881,84,74,0.0682310635747545
1881,561,72,0.06638698077543681
1881,479,70,0.06454289797611913
1881,55,70,0.06454289797611913
1881,1,69,0.06362085657646029
1881,550,69,0.06362085657646029
1881,158,68,0.06269881517680144
1881,698,68,0.06269881517680144
1881,487,67,0.06177677377714259
1881,306,66,0.06085473237748375
1881,8,66,0.06085473237748375
1881,122,65,0.0599326909778249
1881,620,65,0.0599326909778249
1881,640,64,0.05901064957816606
1881,93,64,0.05901064957816606
1881,207,63,0.058088608178507216
1881,533,62,0.05716656677884837
1881,58,62,0.05716656677884837
1881,265,61,0.056244525379189524
1881,316,61,0.056244525379189524
1881,489,61,0.056244525379189524
1881,437,60,0.05532248397953068
1881,631,59,0.05440044257987184
1881,650,59,0.05440044257987184
1881,695,59,0.05440044257987184
1881,247,58,0.05347840118021299
1881,502,58,0.05347840118021299
1881,613,58,0.05347840118021299
1881,715,58,0.05347840118021299
1881,707,57,0.052556359780554146
1881,728,57,0.052556359780554146
1881,258,56,0.0516343183808953
1881,269,56,0.0516343183808953
1881,425,56,0.0516343183808953
1881,440,56,0.0516343183808953
1881,616,56,0.0516343183808953
1881,510,55,0.05071227698123646
1881,771,55,0.05071227698123646
1881,137,54,0.049790235581577615
1881,999,54,0.049790235581577615
1881,114,53,0.04886819418191877
1881,135,53,0.04886819418191877
1881,302,53,0.04886819418191877
1881,313,53,0.04886819418191877
1881,795,53,0.04886819418191877
1881,163,52,0.04794615278225992
1881,744,52,0.04794615278225992
1881,182,50,0.04610206998294224
1881,266,50,0.04610206998294224
1881,278,49,0.04518002858328339
1881,438,49,0.04518002858328339
1881,716,49,0.04518002858328339
1881,776,49,0.04518002858328339
1881,94,49,0.04518002858328339
1881,186,48,0.044257987183624545
1881,295,48,0.044257987183624545
1881,117,47,0.0433359457839657
1881,318,47,0.0433359457839657
1881,693,47,0.0433359457839657
1881,796,47,0.0433359457839657
1881,15,46,0.04241390438430685
1881,184,46,0.04241390438430685
1881,201,46,0.04241390438430685
1881,486,46,0.04241390438430685
1881,5,46,0.04241390438430685
1881,721,45,0.04149186298464801
1881,359,44,0.04056982158498917
1881,370,44,0.04056982158498917
1881,451,44,0.04056982158498917
1881,531,44,0.04056982158498917
1881,544,44,0.04056982158498917
1881,556,44,0.04056982158498917
1881,717,44,0.04056982158498917
1881,474,43,0.03964778018533032
1881,512,43,0.03964778018533032
1881,478,42,0.038725738785671475
1881,509,42,0.038725738785671475
1881,377,41,0.03780369738601263
1881,452,41,0.03780369738601263
1881,557,41,0.03780369738601263
1881,204,40,0.03688165598635379
1881,317,40,0.03688165598635379
1881,333,40,0.03688165598635379
1881,386,40,0.03688165598635379
1881,61,40,0.03688165598635379
1881,610,40,0.03688165598635379
1881,623,40,0.03688165598635379
1881,559,39,0.035959614586694943
1881,599,39,0.035959614586694943
1881,630,39,0.035959614586694943
1881,773,39,0.035959614586694943
1881,154,38,0.0350375731870361
1881,301,38,0.0350375731870361
1881,52,38,0.0350375731870361
1881,657,38,0.0350375731870361
1881,80,38,0.0350375731870361
1881,274,37,0.03411553178737725
1881,4,37,0.03411553178737725
1881,42,36,0.033193490387718405
1881,576,36,0.033193490387718405
1881,679,36,0.033193490387718405
1881,200,35,0.032271448988059566
1881,366,35,0.032271448988059566
1881,463,35,0.032271448988059566
1881,658,35,0.032271448988059566
1881,685,35,0.032271448988059566
1881,764,35,0.032271448988059566
1881,136,34,0.03134940758840072
1881,289,34,0.03134940758840072
1881,591,34,0.03134940758840072
1881,108,33,0.030427366188741874
1881,115,33,0.030427366188741874
1881,203,33,0.030427366188741874
1881,305,33,0.030427366188741874
1881,47,33,0.030427366188741874
1881,267,32,0.02950532478908303
1881,349,32,0.02950532478908303
1881,39,32,0.02950532478908303
1881,469,32,0.02950532478908303
1881,497,32,0.02950532478908303
1881,584,32,0.02950532478908303
1881,597,32,0.02950532478908303
1881,627,32,0.02950532478908303
1881,730,32,0.02950532478908303
1881,293,31,0.028583283389424185
1881,450,31,0.028583283389424185
1881,530,31,0.028583283389424185
1881,646,31,0.028583283389424185
1881,169,30,0.02766124198976534
1881,496,30,0.02766124198976534
1881,614,30,0.02766124198976534
1881,617,30,0.02766124198976534
1881,113,29,0.026739200590106496
1881,157,29,0.026739200590106496
1881,594,29,0.026739200590106496
1881,128,28,0.02581715919044765
1881,178,28,0.02581715919044765
1881,347,28,0.02581715919044765
1881,352,28,0.02581715919044765
1881,441,28,0.02581715919044765
1881,611,28,0.02581715919044765
1881,618,28,0.02581715919044765
1881,619,28,0.02581715919044765
1881,649,28,0.02581715919044765
1881,65,28,0.02581715919044765
1881,466,27,0.024895117790788807
1881,468,27,0.024895117790788807
1881,582,27,0.024895117790788807
1881,226,26,0.02397307639112996
1881,588,26,0.02397307639112996
1881,690,26,0.02397307639112996
1881,750,26,0.02397307639112996
1881,151,25,0.02305103499147112
1881,297,25,0.02305103499147112
1881,34,25,0.02305103499147112
1881,546,25,0.02305103499147112
1881,196,24,0.022128993591812272
1881,725,24,0.022128993591812272
1881,164,23,0.021206952192153426
1881,172,23,0.021206952192153426
1881,257,23,0.021206952192153426
1881,307,23,0.021206952192153426
1881,50,23,0.021206952192153426
1881,75,23,0.021206952192153426
1881,281,22,0.020284910792494584
1881,33,22,0.020284910792494584
1881,397,22,0.020284910792494584
1881,578,22,0.020284910792494584
1881,112,21,0.019362869392835737
1881,210,21,0.019362869392835737
1881,28,21,0.019362869392835737
1881,308,21,0.019362869392835737
1881,309,21,0.019362869392835737
1881,41,21,0.019362869392835737
1881,435,21,0.019362869392835737
1881,612,21,0.019362869392835737
1881,769,21,0.019362869392835737
1881,159,20,0.018440827993176895
1881,30,20,0.018440827993176895
1881,444,20,0.018440827993176895
1881,455,20,0.018440827993176895
1881,520,20,0.018440827993176895
1881,525,20,0.018440827993176895
1881,676,20,0.018440827993176895
1881,751,20,0.018440827993176895
1881,24,19,0.01751878659351805
1881,380,19,0.01751878659351805
1881,400,19,0.01751878659351805
1881,456,19,0.01751878659351805
1881,46,19,0.01751878659351805
1881,526,19,0.01751878659351805
1881,689,19,0.01751878659351805
1881,76,19,0.01751878659351805
1881,787,19,0.01751878659351805
1881,85,19,0.01751878659351805
1881,100,18,0.016596745193859203
1881,243,18,0.016596745193859203
1881,268,18,0.016596745193859203
1881,273,18,0.016596745193859203
1881,494,18,0.016596745193859203
1881,635,18,0.016596745193859203
1881,64,18,0.016596745193859203
1881,647,18,0.016596745193859203
1881,188,17,0.01567470379420036
1881,220,17,0.01567470379420036
1881,230,17,0.01567470379420036
1881,237,17,0.01567470379420036
1881,254,17,0.01567470379420036
1881,277,17,0.01567470379420036
1881,345,17,0.01567470379420036
1881,477,17,0.01567470379420036
1881,483,17,0.01567470379420036
1881,678,17,0.01567470379420036
1881,720,17,0.01567470379420036
1881,205,16,0.014752662394541515
1881,417,16,0.014752662394541515
1881,475,16,0.014752662394541515
1881,595,16,0.014752662394541515
1881,673,16,0.014752662394541515
1881,683,16,0.014752662394541515
1881,704,16,0.014752662394541515
1881,742,16,0.014752662394541515
1881,775,16,0.014752662394541515
1881,221,15,0.01383062099488267
1881,733,15,0.01383062099488267
1881,102,14,0.012908579595223825
1881,145,14,0.012908579595223825
1881,190,14,0.012908579595223825
1881,206,14,0.012908579595223825
1881,25,14,0.012908579595223825
1881,255,14,0.012908579595223825
1881,271,14,0.012908579595223825
1881,340,14,0.012908579595223825
1881,357,14,0.012908579595223825
1881,407,14,0.012908579595223825
1881,426,14,0.012908579595223825
1881,56,14,0.012908579595223825
1881,634,14,0.012908579595223825
1881,668,14,0.012908579595223825
1881,696,14,0.012908579595223825
1881,16,13,0.01198653819556498
1881,180,13,0.01198653819556498
1881,225,13,0.01198653819556498
1881,264,13,0.01198653819556498
1881,303,13,0.01198653819556498
1881,392,13,0.01198653819556498
1881,393,13,0.01198653819556498
1881,448,13,0.01198653819556498
1881,515,13,0.01198653819556498
1881,632,13,0.01198653819556498
1881,665,13,0.01198653819556498
1881,671,13,0.01198653819556498
1881,780,13,0.01198653819556498
1881,10,12,0.011064496795906136
1881,146,12,0.011064496795906136
1881,356,12,0.011064496795906136
1881,491,12,0.011064496795906136
1881,63,12,0.011064496795906136
1881,66,12,0.011064496795906136
1881,660,12,0.011064496795906136
1881,661,12,0.011064496795906136
1881,700,12,0.011064496795906136
1881,276,11,0.010142455396247292
1881,378,11,0.010142455396247292
1881,379,11,0.010142455396247292
1881,416,11,0.010142455396247292
1881,501,11,0.010142455396247292
1881,511,11,0.010142455396247292
1881,516,11,0.010142455396247292
1881,524,11,0.010142455396247292
1881,575,11,0.010142455396247292
1881,626,11,0.010142455396247292
1881,669,11,0.010142455396247292
1881,67,11,0.010142455396247292
1881,77,11,0.010142455396247292
1881,95,11,0.010142455396247292
1881,97,11,0.010142455396247292
1881,138,10,0.009220413996588447
1881,245,10,0.009220413996588447
1881,3,10,0.009220413996588447
1881,339,10,0.009220413996588447
1881,343,10,0.009220413996588447
1881,505,10,0.009220413996588447
1881,522,10,0.009220413996588447
1881,539,10,0.009220413996588447
1881,585,10,0.009220413996588447
1881,674,10,0.009220413996588447
1881,738,10,0.009220413996588447
1881,782,10,0.009220413996588447
1881,208,9,0.008298372596929601
1881,211,9,0.008298372596929601
1881,22,9,0.008298372596929601
1881,228,9,0.008298372596929601
1881,249,9,0.008298372596929601
1881,296,9,0.008298372596929601
1881,310,9,0.008298372596929601
1881,326,9,0.008298372596929601
1881,331,9,0.008298372596929601
1881,350,9,0.008298372596929601
1881,358,9,0.008298372596929601
1881,387,9,0.008298372596929601
1881,442,9,0.008298372596929601
1881,447,9,0.008298372596929601
1881,458,9,0.008298372596929601
1881,564,9,0.008298372596929601
1881,598,9,0.008298372596929601
1881,652,9,0.008298372596929601
1881,73,9,0.008298372596929601
1881,734,9,0.008298372596929601
1881,774,9,0.008298372596929601
1881,110,8,0.007376331197270758
1881,129,8,0.007376331197270758
1881,153,8,0.007376331197270758
1881,160,8,0.007376331197270758
1881,231,8,0.007376331197270758
1881,330,8,0.007376331197270758
1881,336,8,0.007376331197270758
1881,354,8,0.007376331197270758
1881,355,8,0.007376331197270758
1881,43,8,0.007376331197270758
1881,439,8,0.007376331197270758
1881,445,8,0.007376331197270758
1881,45,8,0.007376331197270758
1881,500,8,0.007376331197270758
1881,545,8,0.007376331197270758
1881,563,8,0.007376331197270758
1881,570,8,0.007376331197270758
1881,581,8,0.007376331197270758
1881,648,8,0.007376331197270758
1881,656,8,0.007376331197270758
1881,684,8,0.007376331197270758
1881,7,8,0.007376331197270758
1881,757,8,0.007376331197270758
1881,82,8,0.007376331197270758
1881,83,8,0.007376331197270758
1881,89,8,0.007376331197270758
1881,101,7,0.0064542897976119125
1881,171,7,0.0064542897976119125
1881,199,7,0.0064542897976119125
1881,270,7,0.0064542897976119125
1881,314,7,0.0064542897976119125
1881,398,7,0.0064542897976119125
1881,418,7,0.0064542897976119125
1881,433,7,0.0064542897976119125
1881,528,7,0.0064542897976119125
1881,641,7,0.0064542897976119125
1881,701,7,0.0064542897976119125
1881,741,7,0.0064542897976119125
1881,747,7,0.0064542897976119125
1881,777,7,0.0064542897976119125
1881,797,7,0.0064542897976119125
1881,98,7,0.0064542897976119125
1881,149,6,0.005532248397953068
1881,20,6,0.005532248397953068
1881,232,6,0.005532248397953068
1881,280,6,0.005532248397953068
1881,299,6,0.005532248397953068
1881,300,6,0.005532248397953068
1881,36,6,0.005532248397953068
1881,376,6,0.005532248397953068
1881,401,6,0.005532248397953068
1881,424,6,0.005532248397953068
1881,471,6,0.005532248397953068
1881,54,6,0.005532248397953068
1881,540,6,0.005532248397953068
1881,569,6,0.005532248397953068
1881,57,6,0.005532248397953068
1881,604,6,0.005532248397953068
1881,633,6,0.005532248397953068
1881,667,6,0.005532248397953068
1881,69,6,0.005532248397953068
1881,72,6,0.005532248397953068
1881,99,6,0.005532248397953068
1881,209,5,0.004610206998294224
1881,238,5,0.004610206998294224
1881,239,5,0.004610206998294224
1881,251,5,0.004610206998294224
1881,261,5,0.004610206998294224
1881,29,5,0.004610206998294224
1881,32,5,0.004610206998294224
1881,363,5,0.004610206998294224
1881,367,5,0.004610206998294224
1881,384,5,0.004610206998294224
1881,389,5,0.004610206998294224
1881,395,5,0.004610206998294224
1881,413,5,0.004610206998294224
1881,446,5,0.004610206998294224
1881,508,5,0.004610206998294224
1881,62,5,0.004610206998294224
1881,70,5,0.004610206998294224
1881,78,5,0.004610206998294224
1881,783,5,0.004610206998294224
1881,107,4,0.003688165598635379
1881,143,4,0.003688165598635379
1881,156,4,0.003688165598635379
1881,161,4,0.003688165598635379
1881,19,4,0.003688165598635379
1881,194,4,0.003688165598635379
1881,250,4,0.003688165598635379
1881,282,4,0.003688165598635379
1881,284,4,0.003688165598635379
1881,298,4,0.003688165598635379
1881,311,4,0.003688165598635379
1881,321,4,0.003688165598635379
1881,325,4,0.003688165598635379
1881,362,4,0.003688165598635379
1881,368,4,0.003688165598635379
1881,38,4,0.003688165598635379
1881,385,4,0.003688165598635379
1881,396,4,0.003688165598635379
1881,410,4,0.003688165598635379
1881,449,4,0.003688165598635379
1881,51,4,0.003688165598635379
1881,521,4,0.003688165598635379
1881,53,4,0.003688165598635379
1881,577,4,0.003688165598635379
1881,609,4,0.003688165598635379
1881,681,4,0.003688165598635379
1881,740,4,0.003688165598635379
1881,109,3,0.002766124198976534
1881,140,3,0.002766124198976534
1881,148,3,0.002766124198976534
1881,192,3,0.002766124198976534
1881,217,3,0.002766124198976534
1881,252,3,0.002766124198976534
1881,285,3,0.002766124198976534
1881,291,3,0.002766124198976534
1881,31,3,0.002766124198976534
1881,415,3,0.002766124198976534
1881,430,3,0.002766124198976534
1881,44,3,0.002766124198976534
1881,454,3,0.002766124198976534
1881,490,3,0.002766124198976534
1881,493,3,0.002766124198976534
1881,527,3,0.002766124198976534
1881,573,3,0.002766124198976534
1881,586,3,0.002766124198976534
1881,587,3,0.002766124198976534
1881,59,3,0.002766124198976534
1881,644,3,0.002766124198976534
1881,718,3,0.002766124198976534
1881,719,3,0.002766124198976534
1881,745,3,0.002766124198976534
1881,749,3,0.002766124198976534
1881,767,3,0.002766124198976534
1881,781,3,0.002766124198976534
1881,147,2,0.0018440827993176894
1881,17,2,0.0018440827993176894
1881,176,2,0.0018440827993176894
1881,18,2,0.0018440827993176894
1881,287,2,0.0018440827993176894
1881,315,2,0.0018440827993176894
1881,337,2,0.0018440827993176894
1881,383,2,0.0018440827993176894
1881,390,2,0.0018440827993176894
1881,399,2,0.0018440827993176894
1881,411,2,0.0018440827993176894
1881,422,2,0.0018440827993176894
1881,48,2,0.0018440827993176894
1881,503,2,0.0018440827993176894
1881,518,2,0.0018440827993176894
1881,538,2,0.0018440827993176894
1881,541,2,0.0018440827993176894
1881,567,2,0.0018440827993176894
1881,589,2,0.0018440827993176894
1881,624,2,0.0018440827993176894
1881,637,2,0.0018440827993176894
1881,664,2,0.0018440827993176894
1881,694,2,0.0018440827993176894
1881,703,2,0.0018440827993176894
1881,731,2,0.0018440827993176894
1881,739,2,0.0018440827993176894
1881,753,2,0.0018440827993176894
1881,754,2,0.0018440827993176894
1881,778,2,0.0018440827993176894
1881,126,1,9.220413996588447e-4
1881,174,1,9.220413996588447e-4
1881,233,1,9.220413996588447e-4
1881,312,1,9.220413996588447e-4
1881,323,1,9.220413996588447e-4
1881,324,1,9.220413996588447e-4
1881,342,1,9.220413996588447e-4
1881,344,1,9.220413996588447e-4
1881,351,1,9.220413996588447e-4
1881,364,1,9.220413996588447e-4
1881,372,1,9.220413996588447e-4
1881,388,1,9.220413996588447e-4
1881,404,1,9.220413996588447e-4
1881,419,1,9.220413996588447e-4
1881,472,1,9.220413996588447e-4
1881,492,1,9.220413996588447e-4
1881,513,1,9.220413996588447e-4
1881,535,1,9.220413996588447e-4
1881,601,1,9.220413996588447e-4
1881,602,1,9.220413996588447e-4
1881,603,1,9.220413996588447e-4
1881,605,1,9.220413996588447e-4
1881,636,1,9.220413996588447e-4
1881,645,1,9.220413996588447e-4
1881,688,1,9.220413996588447e-4
1881,702,1,9.220413996588447e-4
1881,726,1,9.220413996588447e-4
1881,732,1,9.220413996588447e-4
1881,735,1,9.220413996588447e-4
1881,737,1,9.220413996588447e-4
1881,763,1,9.220413996588447e-4
1881,786,1,9.220413996588447e-4
1881,794,1,9.220413996588447e-4
1891,177,16939,10.951632820632181
1891,761,8342,5.393383375034751
1891,120,5243,3.3897757174906737
1891,555,4779,3.0897841224276044
1891,713,4590,2.9675892701282076
1891,697,3989,2.579022570488327
1891,724,3128,2.0223571322355194
1891,202,2579,1.6674101803182237
1891,125,2392,1.5465083952389265
1891,405,2178,1.4081502026882868
1891,374,2170,1.402977933807889
1891,711,2085,1.348022576953663
1891,551,2073,1.3402641736330663
1891,723,1781,1.1514763594985484
1891,666,1769,1.1437179561779518
1891,131,1686,1.0900556665438252
1891,663,1639,1.0596685868714886
1891,123,1560,1.0085924316775607
1891,537,1437,0.9290687976414453
1891,572,1437,0.9290687976414453
1891,409,1255,0.8113996806123966
1891,560,1151,0.7441601851672259
1891,12,1144,0.7396344498968779
1891,608,1134,0.7331691137963807
1891,709,1083,0.7001958996838451
1891,166,1064,0.6879117610929004
1891,628,1060,0.6853256266527016
1891,464,1033,0.6678692191813591
1891,691,1031,0.6665761519612597
1891,722,1012,0.6542920133703151
1891,606,979,0.6329564042386744
1891,654,915,0.5915782531954924
1891,682,885,0.5721822448940008
1891,235,857,0.5540793038126087
1891,759,848,0.5482605013221612
1891,133,776,0.5017100813985815
1891,562,761,0.49201207724783574
1891,272,744,0.48102100587699054
1891,655,719,0.46485766562574754
1891,571,714,0.46162499757549896
1891,179,694,0.4486943253745046
1891,549,692,0.4474012581544052
1891,11,676,0.43705672039360965
1891,14,658,0.4254191154127147
1891,118,645,0.4170141784820684
1891,334,627,0.40537657350117345
1891,127,626,0.4047300398911237
1891,770,622,0.4021439054509249
1891,653,604,0.39050630047002993
1891,480,598,0.3866270988097316
1891,687,593,0.38339443075948304
1891,79,554,0.358179619967544
1891,2,546,0.35300735108714626
1891,758,542,0.35042121664694736
1891,459,540,0.34912814942684794
1891,263,526,0.3400766788861519
1891,686,512,0.33102520834545585
1891,259,507,0.32779254029520727
1891,91,507,0.32779254029520727
1891,436,505,0.3264994730751078
1891,579,503,0.3252064058550084
1891,121,497,0.32132720419471006
1891,421,496,0.3206806705846603
1891,429,491,0.31744800253441174
1891,467,491,0.31744800253441174
1891,6,491,0.31744800253441174
1891,607,483,0.312275733654014
1891,168,478,0.30904306560376543
1891,369,472,0.3051638639434671
1891,485,470,0.30387079672336764
1891,90,467,0.3019311958932185
1891,105,456,0.2948193261826716
1891,279,451,0.291586658132423
1891,412,451,0.291586658132423
1891,762,451,0.291586658132423
1891,244,448,0.28964705730227386
1891,381,440,0.2844747884218761
1891,680,439,0.2838282548118264
1891,414,434,0.2805955867615778
1891,183,433,0.27994905315152807
1891,498,433,0.27994905315152807
1891,482,426,0.2754233178811801
1891,262,415,0.2683114481706331
1891,329,415,0.2683114481706331
1891,111,411,0.2657253137304343
1891,134,406,0.2624926456801857
1891,241,402,0.2599065112399868
1891,558,401,0.2592599776299371
1891,692,401,0.2592599776299371
1891,622,399,0.25796691040983766
1891,766,392,0.2534411751394896
1891,124,389,0.25150157430934045
1891,529,388,0.25085504069929077
1891,712,366,0.23663130127819695
1891,283,352,0.22757983073750088
1891,699,350,0.22628676351740146
1891,519,340,0.21982142741690427
1891,13,335,0.21658875936665567
1891,768,332,0.2146491585365065
1891,462,329,0.21270955770635736
1891,139,326,0.2107699568762082
1891,662,322,0.20818382243600933
1891,253,309,0.199778885505363
1891,165,306,0.19783928467521383
1891,461,304,0.1965462174551144
1891,543,303,0.19589968384506468
1891,286,301,0.19460661662496526
1891,275,289,0.18684821330436863
1891,453,289,0.18684821330436863
1891,536,288,0.18620167969431892
1891,224,286,0.18490861247421947
1891,772,273,0.17650367554357313
1891,708,272,0.17585714193352342
1891,677,266,0.1719779402732251
1891,130,257,0.16615913778277763
1891,185,256,0.16551260417272792
1891,27,253,0.16357300334257877
1891,294,243,0.15710766724208158
1891,643,239,0.15452153280188272
1891,348,238,0.15387499919183298
1891,141,237,0.15322846558178327
1891,119,236,0.15258193197173356
1891,717,236,0.15258193197173356
1891,181,231,0.14934926392148495
1891,432,228,0.1474096630913358
1891,593,228,0.1474096630913358
1891,651,223,0.14417699504108722
1891,714,223,0.14417699504108722
1891,707,221,0.14288392782098777
1891,260,218,0.14094432699083861
1891,756,214,0.13835819255063975
1891,382,213,0.13771165894059004
1891,592,211,0.1364185917204906
1891,246,210,0.13577205811044088
1891,219,208,0.13447899089034143
1891,269,206,0.13318592367024198
1891,451,203,0.13124632284009285
1891,470,196,0.1267205875697448
1891,613,196,0.1267205875697448
1891,542,195,0.1260740539596951
1891,106,192,0.12413445312954594
1891,173,185,0.11960871785919791
1891,167,182,0.11766911702904875
1891,242,182,0.11766911702904875
1891,568,182,0.11766911702904875
1891,116,180,0.11637604980894932
1891,457,179,0.1157295161988996
1891,172,178,0.11508298258884989
1891,93,177,0.11443644897880016
1891,365,173,0.1118503145386013
1891,548,172,0.11120378092855157
1891,265,168,0.1086176464883527
1891,509,168,0.1086176464883527
1891,37,167,0.10797111287830298
1891,1,165,0.10667804565820355
1891,565,165,0.10667804565820355
1891,158,163,0.1053849784381041
1891,706,162,0.10473844482805439
1891,465,161,0.10409191121800467
1891,583,156,0.10085924316775607
1891,61,153,0.09891964233760692
1891,484,151,0.09762657511750748
1891,727,151,0.09762657511750748
1891,200,147,0.09504044067730862
1891,547,146,0.09439390706725889
1891,596,145,0.09374737345720917
1891,531,144,0.09310083984715946
1891,791,142,0.09180777262706001
1891,473,140,0.09051470540696058
1891,440,139,0.08986817179691087
1891,370,138,0.08922163818686114
1891,765,138,0.08922163818686114
1891,247,137,0.08857510457681142
1891,135,132,0.08534243652656283
1891,425,132,0.08534243652656283
1891,198,131,0.08469590291651312
1891,15,129,0.08340283569641367
1891,438,129,0.08340283569641367
1891,788,129,0.08340283569641367
1891,216,128,0.08275630208636396
1891,533,127,0.08210976847631424
1891,487,125,0.0808167012562148
1891,771,125,0.0808167012562148
1891,437,123,0.07952363403611537
1891,561,123,0.07952363403611537
1891,566,123,0.07952363403611537
1891,685,121,0.07823056681601594
1891,489,120,0.07758403320596621
1891,443,119,0.07693749959591649
1891,516,119,0.07693749959591649
1891,580,119,0.07693749959591649
1891,657,119,0.07693749959591649
1891,162,117,0.07564443237581706
1891,574,117,0.07564443237581706
1891,170,116,0.07499789876576733
1891,428,116,0.07499789876576733
1891,730,115,0.07435136515571762
1891,55,114,0.0737048315456679
1891,550,113,0.07305829793561819
1891,764,112,0.07241176432556846
1891,292,111,0.07176523071551874
1891,290,110,0.07111869710546903
1891,479,110,0.07111869710546903
1891,267,109,0.07047216349541931
1891,452,109,0.07047216349541931
1891,698,109,0.07047216349541931
1891,266,108,0.0698256298853696
1891,289,107,0.06917909627531987
1891,136,106,0.06853256266527015
1891,248,106,0.06853256266527015
1891,506,106,0.06853256266527015
1891,659,106,0.06853256266527015
1891,625,105,0.06788602905522044
1891,638,105,0.06788602905522044
1891,715,105,0.06788602905522044
1891,556,104,0.06723949544517072
1891,796,104,0.06723949544517072
1891,229,103,0.06659296183512099
1891,360,103,0.06659296183512099
1891,507,103,0.06659296183512099
1891,154,101,0.06529989461502156
1891,546,101,0.06529989461502156
1891,695,100,0.06465336100497185
1891,318,99,0.06400682739492213
1891,319,99,0.06400682739492213
1891,481,99,0.06400682739492213
1891,544,99,0.06400682739492213
1891,352,97,0.06271376017482269
1891,526,97,0.06271376017482269
1891,112,96,0.06206722656477297
1891,616,95,0.06142069295472325
1891,313,92,0.05948109212457409
1891,769,92,0.05948109212457409
1891,87,92,0.05948109212457409
1891,103,91,0.05883455851452438
1891,214,91,0.05883455851452438
1891,254,89,0.05754149129442494
1891,258,87,0.0562484240743255
1891,510,87,0.0562484240743255
1891,710,87,0.0562484240743255
1891,474,86,0.055601890464275786
1891,650,86,0.055601890464275786
1891,274,85,0.05495535685422607
1891,488,85,0.05495535685422607
1891,159,83,0.05366228963412663
1891,35,83,0.05366228963412663
1891,502,83,0.05366228963412663
1891,693,83,0.05366228963412663
1891,157,80,0.05172268880397748
1891,359,80,0.05172268880397748
1891,302,79,0.051076155193927754
1891,658,79,0.051076155193927754
1891,52,78,0.05042962158387804
1891,278,77,0.04978308797382832
1891,476,77,0.04978308797382832
1891,142,76,0.0491365543637786
1891,184,76,0.0491365543637786
1891,559,76,0.0491365543637786
1891,114,75,0.04849002075372888
1891,512,75,0.04849002075372888
1891,84,75,0.04849002075372888
1891,295,74,0.04784348714367916
1891,163,73,0.047196953533629446
1891,362,73,0.047196953533629446
1891,478,73,0.047196953533629446
1891,301,71,0.045903886313530005
1891,47,71,0.045903886313530005
1891,640,70,0.04525735270348029
1891,725,70,0.04525735270348029
1891,744,70,0.04525735270348029
1891,630,69,0.04461081909343057
1891,599,68,0.043964285483380855
1891,9,68,0.043964285483380855
1891,552,66,0.042671218263281414
1891,108,65,0.0420246846532317
1891,204,65,0.0420246846532317
1891,4,65,0.0420246846532317
1891,496,65,0.0420246846532317
1891,8,65,0.0420246846532317
1891,530,64,0.04137815104318198
1891,721,64,0.04137815104318198
1891,80,64,0.04137815104318198
1891,97,63,0.040731617433132264
1891,293,62,0.04008508382308254
1891,620,62,0.04008508382308254
1891,366,60,0.038792016602983106
1891,627,59,0.03814548299293339
1891,631,59,0.03814548299293339
1891,646,59,0.03814548299293339
1891,317,58,0.037498949382883666
1891,164,57,0.03685241577283395
1891,728,57,0.03685241577283395
1891,81,57,0.03685241577283395
1891,378,56,0.03620588216278423
1891,380,56,0.03620588216278423
1891,207,55,0.035559348552734515
1891,632,55,0.035559348552734515
1891,757,55,0.035559348552734515
1891,196,54,0.0349128149426848
1891,426,54,0.0349128149426848
1891,539,54,0.0349128149426848
1891,789,53,0.034266281332635075
1891,455,52,0.03361974772258536
1891,647,52,0.03361974772258536
1891,122,51,0.03297321411253564
1891,441,51,0.03297321411253564
1891,469,51,0.03297321411253564
1891,5,51,0.03297321411253564
1891,610,51,0.03297321411253564
1891,497,50,0.032326680502485924
1891,203,49,0.0316801468924362
1891,271,49,0.0316801468924362
1891,306,49,0.0316801468924362
1891,42,49,0.0316801468924362
1891,434,49,0.0316801468924362
1891,463,49,0.0316801468924362
1891,557,49,0.0316801468924362
1891,340,48,0.031033613282386484
1891,520,48,0.031033613282386484
1891,778,48,0.031033613282386484
1891,117,47,0.030387079672336767
1891,160,47,0.030387079672336767
1891,386,47,0.030387079672336767
1891,679,47,0.030387079672336767
1891,750,47,0.030387079672336767
1891,230,46,0.029740546062287047
1891,280,46,0.029740546062287047
1891,466,46,0.029740546062287047
1891,201,45,0.02909401245223733
1891,308,44,0.02844747884218761
1891,456,44,0.02844747884218761
1891,51,44,0.02844747884218761
1891,584,44,0.02844747884218761
1891,619,44,0.02844747884218761
1891,64,44,0.02844747884218761
1891,226,43,0.027800945232137893
1891,243,43,0.027800945232137893
1891,303,43,0.027800945232137893
1891,444,43,0.027800945232137893
1891,576,43,0.027800945232137893
1891,690,43,0.027800945232137893
1891,716,43,0.027800945232137893
1891,169,42,0.027154411622088176
1891,175,42,0.027154411622088176
1891,597,42,0.027154411622088176
1891,618,42,0.027154411622088176
1891,683,42,0.027154411622088176
1891,689,42,0.027154411622088176
1891,75,42,0.027154411622088176
1891,39,41,0.026507878012038456
1891,393,41,0.026507878012038456
1891,731,41,0.026507878012038456
1891,591,40,0.02586134440198874
1891,137,39,0.02521481079193902
1891,268,39,0.02521481079193902
1891,477,39,0.02521481079193902
1891,649,39,0.02521481079193902
1891,65,39,0.02521481079193902
1891,694,39,0.02521481079193902
1891,94,39,0.02521481079193902
1891,113,38,0.0245682771818893
1891,146,38,0.0245682771818893
1891,182,38,0.0245682771818893
1891,40,38,0.0245682771818893
1891,500,38,0.0245682771818893
1891,751,38,0.0245682771818893
1891,41,37,0.02392174357183958
1891,525,37,0.02392174357183958
1891,132,36,0.023275209961789865
1891,190,36,0.023275209961789865
1891,450,36,0.023275209961789865
1891,483,36,0.023275209961789865
1891,594,36,0.023275209961789865
1891,668,36,0.023275209961789865
1891,115,35,0.022628676351740144
1891,153,35,0.022628676351740144
1891,211,35,0.022628676351740144
1891,612,35,0.022628676351740144
1891,205,34,0.021982142741690427
1891,349,34,0.021982142741690427
1891,417,34,0.021982142741690427
1891,611,34,0.021982142741690427
1891,63,34,0.021982142741690427
1891,178,33,0.021335609131640707
1891,257,33,0.021335609131640707
1891,261,33,0.021335609131640707
1891,28,33,0.021335609131640707
1891,331,33,0.021335609131640707
1891,435,33,0.021335609131640707
1891,676,33,0.021335609131640707
1891,128,32,0.02068907552159099
1891,227,32,0.02068907552159099
1891,282,32,0.02068907552159099
1891,333,32,0.02068907552159099
1891,407,32,0.02068907552159099
1891,515,32,0.02068907552159099
1891,635,32,0.02068907552159099
1891,100,31,0.02004254191154127
1891,354,31,0.02004254191154127
1891,356,31,0.02004254191154127
1891,46,31,0.02004254191154127
1891,623,31,0.02004254191154127
1891,669,31,0.02004254191154127
1891,67,31,0.02004254191154127
1891,281,30,0.019396008301491553
1891,287,30,0.019396008301491553
1891,311,30,0.019396008301491553
1891,379,30,0.019396008301491553
1891,399,30,0.019396008301491553
1891,433,30,0.019396008301491553
1891,617,30,0.019396008301491553
1891,24,29,0.018749474691441833
1891,347,29,0.018749474691441833
1891,511,29,0.018749474691441833
1891,578,29,0.018749474691441833
1891,76,29,0.018749474691441833
1891,145,28,0.018102941081392116
1891,377,28,0.018102941081392116
1891,505,28,0.018102941081392116
1891,656,28,0.018102941081392116
1891,726,28,0.018102941081392116
1891,138,27,0.0174564074713424
1891,210,27,0.0174564074713424
1891,237,27,0.0174564074713424
1891,316,27,0.0174564074713424
1891,648,27,0.0174564074713424
1891,696,27,0.0174564074713424
1891,206,26,0.01680987386129268
1891,270,26,0.01680987386129268
1891,389,26,0.01680987386129268
1891,468,26,0.01680987386129268
1891,634,26,0.01680987386129268
1891,89,26,0.01680987386129268
1891,102,25,0.016163340251242962
1891,336,25,0.016163340251242962
1891,345,25,0.016163340251242962
1891,494,25,0.016163340251242962
1891,508,25,0.016163340251242962
1891,524,25,0.016163340251242962
1891,53,25,0.016163340251242962
1891,62,25,0.016163340251242962
1891,660,25,0.016163340251242962
1891,674,25,0.016163340251242962
1891,776,25,0.016163340251242962
1891,439,24,0.015516806641193242
1891,582,24,0.015516806641193242
1891,678,24,0.015516806641193242
1891,780,24,0.015516806641193242
1891,151,23,0.014870273031143523
1891,186,23,0.014870273031143523
1891,387,23,0.014870273031143523
1891,588,23,0.014870273031143523
1891,78,23,0.014870273031143523
1891,110,22,0.014223739421093805
1891,16,22,0.014223739421093805
1891,221,22,0.014223739421093805
1891,309,22,0.014223739421093805
1891,326,22,0.014223739421093805
1891,398,22,0.014223739421093805
1891,595,22,0.014223739421093805
1891,626,22,0.014223739421093805
1891,661,22,0.014223739421093805
1891,773,22,0.014223739421093805
1891,19,21,0.013577205811044088
1891,307,21,0.013577205811044088
1891,400,21,0.013577205811044088
1891,447,21,0.013577205811044088
1891,564,21,0.013577205811044088
1891,605,21,0.013577205811044088
1891,633,21,0.013577205811044088
1891,671,21,0.013577205811044088
1891,704,21,0.013577205811044088
1891,734,21,0.013577205811044088
1891,321,20,0.01293067220099437
1891,343,20,0.01293067220099437
1891,486,20,0.01293067220099437
1891,501,20,0.01293067220099437
1891,522,20,0.01293067220099437
1891,720,20,0.01293067220099437
1891,77,20,0.01293067220099437
1891,251,19,0.01228413859094465
1891,277,19,0.01228413859094465
1891,357,19,0.01228413859094465
1891,56,19,0.01228413859094465
1891,72,19,0.01228413859094465
1891,180,18,0.011637604980894932
1891,255,18,0.011637604980894932
1891,285,18,0.011637604980894932
1891,297,18,0.011637604980894932
1891,385,18,0.011637604980894932
1891,614,18,0.011637604980894932
1891,624,18,0.011637604980894932
1891,208,17,0.010991071370845214
1891,217,17,0.010991071370845214
1891,323,17,0.010991071370845214
1891,581,17,0.010991071370845214
1891,652,17,0.010991071370845214
1891,700,17,0.010991071370845214
1891,767,17,0.010991071370845214
1891,88,17,0.010991071370845214
1891,188,16,0.010344537760795495
1891,22,16,0.010344537760795495
1891,225,16,0.010344537760795495
1891,264,16,0.010344537760795495
1891,358,16,0.010344537760795495
1891,545,16,0.010344537760795495
1891,670,16,0.010344537760795495
1891,673,16,0.010344537760795495
1891,69,16,0.010344537760795495
1891,73,16,0.010344537760795495
1891,171,15,0.009698004150745777
1891,325,15,0.009698004150745777
1891,339,15,0.009698004150745777
1891,367,15,0.009698004150745777
1891,397,15,0.009698004150745777
1891,491,15,0.009698004150745777
1891,598,15,0.009698004150745777
1891,684,15,0.009698004150745777
1891,70,15,0.009698004150745777
1891,701,15,0.009698004150745777
1891,775,15,0.009698004150745777
1891,109,14,0.009051470540696058
1891,129,14,0.009051470540696058
1891,372,14,0.009051470540696058
1891,388,14,0.009051470540696058
1891,573,14,0.009051470540696058
1891,575,14,0.009051470540696058
1891,589,14,0.009051470540696058
1891,233,13,0.00840493693064634
1891,245,13,0.00840493693064634
1891,273,13,0.00840493693064634
1891,3,13,0.00840493693064634
1891,314,13,0.00840493693064634
1891,384,13,0.00840493693064634
1891,395,13,0.00840493693064634
1891,401,13,0.00840493693064634
1891,442,13,0.00840493693064634
1891,503,13,0.00840493693064634
1891,585,13,0.00840493693064634
1891,641,13,0.00840493693064634
1891,66,13,0.00840493693064634
1891,703,13,0.00840493693064634
1891,777,13,0.00840493693064634
1891,99,13,0.00840493693064634
1891,10,12,0.007758403320596621
1891,276,12,0.007758403320596621
1891,33,12,0.007758403320596621
1891,392,12,0.007758403320596621
1891,410,12,0.007758403320596621
1891,415,12,0.007758403320596621
1891,471,12,0.007758403320596621
1891,521,12,0.007758403320596621
1891,781,12,0.007758403320596621
1891,999,12,0.007758403320596621
1891,101,11,0.007111869710546902
1891,199,11,0.007111869710546902
1891,220,11,0.007111869710546902
1891,249,11,0.007111869710546902
1891,284,11,0.007111869710546902
1891,376,11,0.007111869710546902
1891,411,11,0.007111869710546902
1891,458,11,0.007111869710546902
1891,475,11,0.007111869710546902
1891,492,11,0.007111869710546902
1891,538,11,0.007111869710546902
1891,540,11,0.007111869710546902
1891,554,11,0.007111869710546902
1891,569,11,0.007111869710546902
1891,57,11,0.007111869710546902
1891,58,11,0.007111869710546902
1891,741,11,0.007111869710546902
1891,742,11,0.007111869710546902
1891,82,11,0.007111869710546902
1891,586,10,0.006465336100497185
1891,601,10,0.006465336100497185
1891,733,10,0.006465336100497185
1891,736,10,0.006465336100497185
1891,143,9,0.005818802490447466
1891,147,9,0.005818802490447466
1891,239,9,0.005818802490447466
1891,25,9,0.005818802490447466
1891,296,9,0.005818802490447466
1891,30,9,0.005818802490447466
1891,416,9,0.005818802490447466
1891,424,9,0.005818802490447466
1891,490,9,0.005818802490447466
1891,50,9,0.005818802490447466
1891,518,9,0.005818802490447466
1891,570,9,0.005818802490447466
1891,664,9,0.005818802490447466
1891,665,9,0.005818802490447466
1891,667,9,0.005818802490447466
1891,749,9,0.005818802490447466
1891,774,9,0.005818802490447466
1891,782,9,0.005818802490447466
1891,140,8,0.005172268880397748
1891,291,8,0.005172268880397748
1891,298,8,0.005172268880397748
1891,34,8,0.005172268880397748
1891,355,8,0.005172268880397748
1891,404,8,0.005172268880397748
1891,44,8,0.005172268880397748
1891,448,8,0.005172268880397748
1891,59,8,0.005172268880397748
1891,156,7,0.004525735270348029
1891,209,7,0.004525735270348029
1891,299,7,0.004525735270348029
1891,363,7,0.004525735270348029
1891,396,7,0.004525735270348029
1891,43,7,0.004525735270348029
1891,430,7,0.004525735270348029
1891,493,7,0.004525735270348029
1891,54,7,0.004525735270348029
1891,604,7,0.004525735270348029
1891,83,7,0.004525735270348029
1891,126,6,0.0038792016602983105
1891,174,6,0.0038792016602983105
1891,193,6,0.0038792016602983105
1891,238,6,0.0038792016602983105
1891,305,6,0.0038792016602983105
1891,310,6,0.0038792016602983105
1891,312,6,0.0038792016602983105
1891,315,6,0.0038792016602983105
1891,327,6,0.0038792016602983105
1891,350,6,0.0038792016602983105
1891,38,6,0.0038792016602983105
1891,446,6,0.0038792016602983105
1891,449,6,0.0038792016602983105
1891,563,6,0.0038792016602983105
1891,577,6,0.0038792016602983105
1891,615,6,0.0038792016602983105
1891,718,6,0.0038792016602983105
1891,740,6,0.0038792016602983105
1891,747,6,0.0038792016602983105
1891,753,6,0.0038792016602983105
1891,779,6,0.0038792016602983105
1891,783,6,0.0038792016602983105
1891,797,6,0.0038792016602983105
1891,85,6,0.0038792016602983105
1891,148,5,0.0032326680502485924
1891,161,5,0.0032326680502485924
1891,232,5,0.0032326680502485924
1891,250,5,0.0032326680502485924
1891,383,5,0.0032326680502485924
1891,390,5,0.0032326680502485924
1891,408,5,0.0032326680502485924
1891,420,5,0.0032326680502485924
1891,445,5,0.0032326680502485924
1891,499,5,0.0032326680502485924
1891,534,5,0.0032326680502485924
1891,541,5,0.0032326680502485924
1891,553,5,0.0032326680502485924
1891,602,5,0.0032326680502485924
1891,644,5,0.0032326680502485924
1891,739,5,0.0032326680502485924
1891,107,4,0.002586134440198874
1891,330,4,0.002586134440198874
1891,36,4,0.002586134440198874
1891,364,4,0.002586134440198874
1891,418,4,0.002586134440198874
1891,422,4,0.002586134440198874
1891,472,4,0.002586134440198874
1891,514,4,0.002586134440198874
1891,527,4,0.002586134440198874
1891,528,4,0.002586134440198874
1891,535,4,0.002586134440198874
1891,60,4,0.002586134440198874
1891,603,4,0.002586134440198874
1891,675,4,0.002586134440198874
1891,7,4,0.002586134440198874
1891,702,4,0.002586134440198874
1891,737,4,0.002586134440198874
1891,743,4,0.002586134440198874
1891,745,4,0.002586134440198874
1891,786,4,0.002586134440198874
1891,149,3,0.0019396008301491552
1891,187,3,0.0019396008301491552
1891,252,3,0.0019396008301491552
1891,368,3,0.0019396008301491552
1891,45,3,0.0019396008301491552
1891,454,3,0.0019396008301491552
1891,48,3,0.0019396008301491552
1891,645,3,0.0019396008301491552
1891,719,3,0.0019396008301491552
1891,735,3,0.0019396008301491552
1891,738,3,0.0019396008301491552
1891,755,3,0.0019396008301491552
1891,760,3,0.0019396008301491552
1891,763,3,0.0019396008301491552
1891,787,3,0.0019396008301491552
1891,790,3,0.0019396008301491552
1891,95,3,0.0019396008301491552
1891,17,2,0.001293067220099437
1891,20,2,0.001293067220099437
1891,228,2,0.001293067220099437
1891,29,2,0.001293067220099437
1891,304,2,0.001293067220099437
1891,32,2,0.001293067220099437
1891,324,2,0.001293067220099437
1891,342,2,0.001293067220099437
1891,403,2,0.001293067220099437
1891,406,2,0.001293067220099437
1891,413,2,0.001293067220099437
1891,427,2,0.001293067220099437
1891,431,2,0.001293067220099437
1891,49,2,0.001293067220099437
1891,517,2,0.001293067220099437
1891,567,2,0.001293067220099437
1891,587,2,0.001293067220099437
1891,636,2,0.001293067220099437
1891,637,2,0.001293067220099437
1891,754,2,0.001293067220099437
1891,794,2,0.001293067220099437
1891,98,2,0.001293067220099437
1891,150,1,6.465336100497184e-4
1891,18,1,6.465336100497184e-4
1891,194,1,6.465336100497184e-4
1891,231,1,6.465336100497184e-4
1891,337,1,6.465336100497184e-4
1891,338,1,6.465336100497184e-4
1891,344,1,6.465336100497184e-4
1891,351,1,6.465336100497184e-4
1891,419,1,6.465336100497184e-4
1891,423,1,6.465336100497184e-4
1891,532,1,6.465336100497184e-4
1891,600,1,6.465336100497184e-4
1891,609,1,6.465336100497184e-4
1891,639,1,6.465336100497184e-4
1891,681,1,6.465336100497184e-4
1891,732,1,6.465336100497184e-4
1891,746,1,6.465336100497184e-4
1891,784,1,6.465336100497184e-4
1901,177,18954,7.6027356049818495
1901,120,10390,4.167585888770783
1901,697,8501,3.4098794649124566
1901,713,7476,2.9987364874350697
1901,555,5797,2.3252642345721104
1901,761,5501,2.2065341649786405
1901,724,5499,2.205731934778685
1901,405,4486,1.799402338501033
1901,131,4307,1.727602735604982
1901,551,4122,1.6533964421090632
1901,666,3608,1.4472232807204026
1901,202,3546,1.4223541445217704
1901,125,3463,1.3890615912236015
1901,409,3191,1.2799582840296022
1901,711,3178,1.274743787729889
1901,663,3126,1.2538858025310362
1901,123,2909,1.1668438258358236
1901,374,2762,1.1078799061390665
1901,682,2414,0.968291851346744
1901,723,2350,0.9426204849481559
1901,464,2023,0.8114558472553699
1901,537,2006,0.8046368905557449
1901,691,1966,0.7885922865566274
1901,628,1912,0.7669320711578187
1901,722,1863,0.7472774312588998
1901,105,1735,0.6959346984617236
1901,709,1728,0.693126892761878
1901,560,1596,0.64017969956479015
1901,436,1590,0.6377730089649225
1901,412,1515,0.6076893764665771
1901,235,1483,0.5948536932672831
1901,12,1459,0.5852269308678125
1901,572,1449,0.5812157798680331
1901,759,1413,0.5667756362688273
1901,133,1392,0.5583522191692907
1901,166,1389,0.5571488738693569
1901,381,1240,0.49738272397264394
1901,655,1220,0.48936042197308516
1901,179,1172,0.4701068971741441
1901,421,1166,0.46770020657427647
1901,79,1153,0.4624857102745633
1901,459,1145,0.45927678947473977
1901,429,1144,0.45887567437476184
1901,654,1135,0.4552656384749604
1901,485,1101,0.44162772507571046
1901,687,1047,0.4199675096769018
1901,272,1041,0.41756081907703413
1901,259,1013,0.40632959627765186
1901,198,985,0.3950983734782696
1901,680,965,0.3870760714787108
1901,369,963,0.3862738412787549
1901,770,963,0.3862738412787549
1901,118,959,0.38466938087884317
1901,549,949,0.3806582298790638
1901,279,942,0.3778504241792182
1901,699,923,0.3702292372796374
1901,244,918,0.3682236617797477
1901,692,904,0.36260805038005656
1901,756,897,0.359800244680211
1901,482,877,0.3517779426806522
1901,2,866,0.3473656765808949
1901,334,849,0.34054671988126994
1901,414,843,0.3381400292814023
1901,14,816,0.32730992158199795
1901,686,804,0.32249654038226266
1901,608,797,0.3196887346824171
1901,562,795,0.31888650448246125
1901,480,785,0.31487535348268186
1901,432,782,0.31367200818274804
1901,263,773,0.3100619722829466
1901,134,766,0.307254166583101
1901,127,760,0.30484747598323336
1901,571,759,0.30444636088325544
1901,183,739,0.29642405888369666
1901,139,727,0.29161067768396143
1901,758,700,0.2807805699845571
1901,262,674,0.27035157738513066
1901,519,664,0.26634042638535127
1901,91,663,0.26593931128537335
1901,536,648,0.25992258478570424
1901,529,645,0.25871923948577047
1901,130,641,0.25711477908585867
1901,451,638,0.25591143378592485
1901,717,634,0.2543069733860131
1901,707,619,0.24829024688634405
1901,558,615,0.24668578648643227
1901,606,610,0.24468021098654258
1901,253,596,0.23906459958685145
1901,121,592,0.2374601391869397
1901,467,579,0.2322456428872265
1901,662,567,0.22743226168749123
1901,579,566,0.22703114658751328
1901,498,564,0.2262289163875574
1901,772,559,0.2242233408876677
1901,168,558,0.2238222257876898
1901,90,555,0.22261888048775597
1901,727,554,0.22221776538777802
1901,275,552,0.22141553518782214
1901,622,550,0.22061330498786627
1901,543,545,0.21860772948797658
1901,11,544,0.21820661438799863
1901,224,535,0.2145965784881972
1901,653,531,0.21299211808828544
1901,124,528,0.21178877278835162
1901,329,526,0.21098654258839575
1901,708,524,0.21018431238843988
1901,712,517,0.20737650668859428
1901,453,500,0.20055754998896932
1901,462,496,0.19895308958905758
1901,13,493,0.19774974428912376
1901,141,490,0.19654639898918994
1901,677,484,0.19413970838932232
1901,286,483,0.19373859328934437
1901,6,455,0.1825073704899621
1901,531,438,0.17568841379033714
1901,165,437,0.1752872986903592
1901,241,430,0.17247949299051363
1901,196,427,0.1712761476905798
1901,461,425,0.17047391749062393
1901,1,424,0.17007280239064598
1901,714,422,0.1692705721906901
1901,764,415,0.16646276649084454
1901,766,414,0.16606165139086662
1901,200,412,0.16525942119091072
1901,27,411,0.1648583060909328
1901,593,400,0.16044603999117546
1901,533,398,0.1596438097912196
1901,592,398,0.1596438097912196
1901,715,395,0.15844046449128577
1901,382,388,0.1556326587914402
1901,116,386,0.15483042859148433
1901,643,384,0.15402819839152845
1901,548,375,0.15041816249172701
1901,348,367,0.1472092416919035
1901,542,363,0.14560478129199173
1901,706,361,0.14480255109203585
1901,438,358,0.14359920579210203
1901,260,353,0.14159363029221236
1901,425,350,0.14039028499227854
1901,111,349,0.1399891698923006
1901,685,347,0.13918693969234472
1901,283,346,0.13878582459236677
1901,265,342,0.13718136419245502
1901,119,340,0.13637913399249915
1901,278,326,0.13076352259280802
1901,768,326,0.13076352259280802
1901,167,322,0.12915906219289625
1901,428,321,0.12875794709291832
1901,565,319,0.12795571689296242
1901,762,317,0.12715348669300655
1901,561,312,0.12514791119311686
1901,443,311,0.12474679609313892
1901,509,311,0.12474679609313892
1901,489,309,0.12394456589318305
1901,484,306,0.12274122059324924
1901,698,301,0.12073564509335954
1901,365,299,0.11993341489340366
1901,730,297,0.11913118469344779
1901,638,295,0.11832895449349191
1901,616,292,0.11712560919355809
1901,294,288,0.11552114879364633
1901,516,286,0.11471891859369046
1901,216,285,0.11431780349371252
1901,547,285,0.11431780349371252
1901,457,281,0.11271334309380077
1901,452,279,0.1119111128938449
1901,651,277,0.11110888269388901
1901,246,271,0.10870219209402138
1901,470,271,0.10870219209402138
1901,465,270,0.10830107699404344
1901,269,269,0.1078999618940655
1901,184,268,0.10749884679408757
1901,242,265,0.10629550149415375
1901,267,264,0.10589438639417581
1901,487,263,0.10549327129419787
1901,185,261,0.10469104109424199
1901,478,260,0.10428992599426405
1901,219,258,0.10348769579430818
1901,725,256,0.1026854655943523
1901,526,255,0.10228435049437436
1901,360,251,0.10067989009446261
1901,37,249,0.09987765989450673
1901,93,249,0.09987765989450673
1901,437,247,0.09907542969455085
1901,659,247,0.09907542969455085
1901,695,247,0.09907542969455085
1901,112,246,0.09867431459457292
1901,87,244,0.09787208439461703
1901,765,243,0.0974709692946391
1901,173,241,0.09666873909468322
1901,566,241,0.09666873909468322
1901,302,237,0.09506427869477146
1901,440,237,0.09506427869477146
1901,170,236,0.09466316359479353
1901,290,233,0.0934598182948597
1901,370,224,0.08984978239505827
1901,289,223,0.08944866729508032
1901,287,219,0.08784420689516857
1901,583,218,0.08744309179519064
1901,172,217,0.08704197669521269
1901,546,214,0.08583863139527888
1901,313,213,0.08543751629530094
1901,473,212,0.08503640119532299
1901,550,211,0.08463528609534506
1901,362,210,0.08423417099536712
1901,158,209,0.08383305589538918
1901,791,209,0.08383305589538918
1901,254,208,0.08343194079541125
1901,319,208,0.08343194079541125
1901,103,206,0.08262971059545536
1901,154,206,0.08262971059545536
1901,162,206,0.08262971059545536
1901,568,203,0.08142636529552155
1901,106,201,0.08062413509556567
1901,607,201,0.08062413509556567
1901,506,200,0.08022301999558773
1901,507,198,0.07942078979563186
1901,556,193,0.07741521429574216
1901,136,192,0.07701409919576423
1901,474,191,0.07661298409578629
1901,135,190,0.07621186899580834
1901,199,189,0.0758107538958304
1901,657,189,0.0758107538958304
1901,625,188,0.07540963879585247
1901,552,184,0.07380517839594071
1901,142,182,0.07300294819598484
1901,599,181,0.0726018330960069
1901,35,179,0.07179960289605102
1901,544,179,0.07179960289605102
1901,620,177,0.07099737269609514
1901,181,174,0.06979402739616133
1901,658,169,0.06778845189627164
1901,510,168,0.06738733679629369
1901,640,168,0.06738733679629369
1901,340,167,0.06698622169631575
1901,441,166,0.06658510659633782
1901,771,165,0.06618399149635988
1901,247,163,0.06538176129640401
1901,352,162,0.06498064619642606
1901,301,161,0.06457953109644812
1901,574,161,0.06457953109644812
1901,318,160,0.06417841599647019
1901,559,155,0.06217284049658049
1901,248,150,0.0601672649966908
1901,479,150,0.0601672649966908
1901,744,149,0.05976614989671286
1901,539,148,0.059365034796734925
1901,266,147,0.05896391969675698
1901,378,144,0.05776057439682317
1901,229,143,0.05735945929684523
1901,47,142,0.056958344196867294
1901,512,142,0.056958344196867294
1901,596,142,0.056958344196867294
1901,728,142,0.056958344196867294
1901,204,141,0.05655722909688935
1901,243,140,0.056156113996911415
1901,690,138,0.055353883796955536
1901,366,136,0.05455165359699966
1901,613,135,0.05415053849702172
1901,398,134,0.053749423397043784
1901,163,130,0.052144962997132026
1901,502,129,0.05174384789715409
1901,530,128,0.05134273279717615
1901,693,127,0.05094161769719821
1901,4,126,0.050540502597220274
1901,481,125,0.05013938749724233
1901,295,124,0.049738272397264395
1901,710,124,0.049738272397264395
1901,439,123,0.04933715729728646
1901,55,123,0.04933715729728646
1901,435,122,0.048936042197308516
1901,557,122,0.048936042197308516
1901,108,121,0.04853492709733058
1901,80,121,0.04853492709733058
1901,630,120,0.048133811997352643
1901,716,120,0.048133811997352643
1901,488,119,0.0477326968973747
1901,647,119,0.0477326968973747
1901,292,118,0.047331581797396764
1901,796,118,0.047331581797396764
1901,469,117,0.04693046669741882
1901,230,116,0.046529351597440885
1901,646,116,0.046529351597440885
1901,146,113,0.04532600629750707
1901,476,112,0.044924891197529133
1901,580,112,0.044924891197529133
1901,611,112,0.044924891197529133
1901,214,111,0.04452377609755119
1901,285,111,0.04452377609755119
1901,417,111,0.04452377609755119
1901,110,110,0.044122660997573254
1901,264,110,0.044122660997573254
1901,258,109,0.04372154589759532
1901,114,108,0.043320430797617375
1901,456,108,0.043320430797617375
1901,627,108,0.043320430797617375
1901,726,108,0.043320430797617375
1901,444,107,0.04291931569763944
1901,496,106,0.042518200597661496
1901,308,105,0.04211708549768356
1901,788,105,0.04211708549768356
1901,81,105,0.04211708549768356
1901,169,104,0.04171597039770562
1901,306,104,0.04171597039770562
1901,372,103,0.04131485529772768
1901,631,103,0.04131485529772768
1901,676,103,0.04131485529772768
1901,694,103,0.04131485529772768
1901,102,102,0.040913740197749744
1901,15,101,0.04051262509777181
1901,274,101,0.04051262509777181
1901,380,101,0.04051262509777181
1901,618,101,0.04051262509777181
1901,466,100,0.040111509997793865
1901,696,100,0.040111509997793865
1901,75,100,0.040111509997793865
1901,359,99,0.03971039489781593
1901,500,99,0.03971039489781593
1901,182,98,0.03930927979783799
1901,426,98,0.03930927979783799
1901,483,98,0.03930927979783799
1901,455,97,0.03890816469786005
1901,773,97,0.03890816469786005
1901,164,96,0.03850704959788211
1901,525,96,0.03850704959788211
1901,668,96,0.03850704959788211
1901,477,94,0.037704819397926234
1901,721,94,0.037704819397926234
1901,434,93,0.0373037042979483
1901,683,92,0.036902589197970355
1901,207,91,0.03650147409799242
1901,407,91,0.03650147409799242
1901,271,90,0.03610035899801448
1901,201,89,0.03569924389803654
1901,293,88,0.0352981287980586
1901,63,88,0.0352981287980586
1901,632,88,0.0352981287980586
1901,226,87,0.03489701369808067
1901,623,87,0.03489701369808067
1901,64,87,0.03489701369808067
1901,180,86,0.034495898598102724
1901,345,85,0.03409478349812479
1901,689,85,0.03409478349812479
1901,399,83,0.03329255329816891
1901,257,82,0.03289143819819097
1901,515,82,0.03289143819819097
1901,157,81,0.03249032309821303
1901,61,81,0.03249032309821303
1901,205,80,0.03208920799823509
1901,584,80,0.03208920799823509
1901,284,79,0.03168809289825716
1901,349,79,0.03168809289825716
1901,497,79,0.03168809289825716
1901,178,78,0.031286977798279214
1901,227,78,0.031286977798279214
1901,520,78,0.031286977798279214
1901,9,78,0.031286977798279214
1901,317,77,0.030885862698301278
1901,650,77,0.030885862698301278
1901,386,76,0.03048474759832334
1901,400,76,0.03048474759832334
1901,508,76,0.03048474759832334
1901,8,76,0.03048474759832334
1901,326,75,0.0300836324983454
1901,731,75,0.0300836324983454
1901,137,74,0.029682517398367463
1901,468,74,0.029682517398367463
1901,51,74,0.029682517398367463
1901,612,74,0.029682517398367463
1901,122,73,0.029281402298389523
1901,225,73,0.029281402298389523
1901,354,73,0.029281402298389523
1901,450,73,0.029281402298389523
1901,277,72,0.028880287198411583
1901,594,72,0.028880287198411583
1901,84,72,0.028880287198411583
1901,190,71,0.028479172098433647
1901,610,71,0.028479172098433647
1901,679,71,0.028479172098433647
1901,776,70,0.028078056998455708
1901,311,68,0.02727582679849983
1901,52,68,0.02727582679849983
1901,65,68,0.02727582679849983
1901,789,68,0.02727582679849983
1901,393,67,0.026874711698521892
1901,619,67,0.026874711698521892
1901,778,67,0.026874711698521892
1901,175,66,0.026473596598543953
1901,321,66,0.026473596598543953
1901,463,66,0.026473596598543953
1901,673,66,0.026473596598543953
1901,132,65,0.026072481498566013
1901,159,65,0.026072481498566013
1901,268,65,0.026072481498566013
1901,356,65,0.026072481498566013
1901,576,65,0.026072481498566013
1901,331,64,0.025671366398588073
1901,39,64,0.025671366398588073
1901,113,63,0.025270251298610137
1901,674,63,0.025270251298610137
1901,220,62,0.024869136198632198
1901,281,61,0.024468021098654258
1901,16,60,0.024066905998676322
1901,433,60,0.024066905998676322
1901,151,58,0.023264675798720443
1901,700,58,0.023264675798720443
1901,94,58,0.023264675798720443
1901,97,58,0.023264675798720443
1901,138,57,0.022863560698742503
1901,40,57,0.022863560698742503
1901,564,57,0.022863560698742503
1901,648,57,0.022863560698742503
1901,774,57,0.022863560698742503
1901,333,56,0.022462445598764567
1901,614,56,0.022462445598764567
1901,750,56,0.022462445598764567
1901,273,55,0.022061330498786627
1901,282,55,0.022061330498786627
1901,41,55,0.022061330498786627
1901,678,55,0.022061330498786627
1901,143,54,0.021660215398808687
1901,153,54,0.021660215398808687
1901,261,54,0.021660215398808687
1901,42,54,0.021660215398808687
1901,387,52,0.02085798519885281
1901,591,51,0.020456870098874872
1901,656,51,0.020456870098874872
1901,128,50,0.020055754998896932
1901,203,50,0.020055754998896932
1901,336,50,0.020055754998896932
1901,343,50,0.020055754998896932
1901,377,50,0.020055754998896932
1901,46,50,0.020055754998896932
1901,494,50,0.020055754998896932
1901,67,50,0.020055754998896932
1901,757,50,0.020055754998896932
1901,316,49,0.019654639898918996
1901,595,49,0.019654639898918996
1901,671,49,0.019654639898918996
1901,720,49,0.019654639898918996
1901,100,48,0.019253524798941057
1901,115,48,0.019253524798941057
1901,24,48,0.019253524798941057
1901,357,48,0.019253524798941057
1901,649,48,0.019253524798941057
1901,669,48,0.019253524798941057
1901,670,48,0.019253524798941057
1901,751,48,0.019253524798941057
1901,77,48,0.019253524798941057
1901,401,47,0.018852409698963117
1901,597,47,0.018852409698963117
1901,442,46,0.018451294598985177
1901,237,45,0.01805017949900724
1901,358,45,0.01805017949900724
1901,5,45,0.01805017949900724
1901,145,43,0.017247949299051362
1901,210,43,0.017247949299051362
1901,211,43,0.017247949299051362
1901,89,43,0.017247949299051362
1901,389,42,0.016846834199073422
1901,524,42,0.016846834199073422
1901,624,42,0.016846834199073422
1901,206,41,0.016445719099095486
1901,251,41,0.016445719099095486
1901,255,41,0.016445719099095486
1901,297,41,0.016445719099095486
1901,598,41,0.016445719099095486
1901,701,41,0.016445719099095486
1901,781,41,0.016445719099095486
1901,245,40,0.016044603999117547
1901,522,40,0.016044603999117547
1901,573,40,0.016044603999117547
1901,588,40,0.016044603999117547
1901,664,40,0.016044603999117547
1901,22,39,0.015643488899139607
1901,221,39,0.015643488899139607
1901,280,39,0.015643488899139607
1901,339,39,0.015643488899139607
1901,491,39,0.015643488899139607
1901,56,39,0.015643488899139607
1901,635,39,0.015643488899139607
1901,741,39,0.015643488899139607
1901,769,39,0.015643488899139607
1901,379,38,0.01524237379916167
1901,392,38,0.01524237379916167
1901,186,37,0.014841258699183731
1901,307,37,0.014841258699183731
1901,388,37,0.014841258699183731
1901,505,37,0.014841258699183731
1901,578,37,0.014841258699183731
1901,641,37,0.014841258699183731
1901,703,37,0.014841258699183731
1901,416,36,0.014440143599205792
1901,581,36,0.014440143599205792
1901,62,36,0.014440143599205792
1901,147,35,0.014039028499227854
1901,626,35,0.014039028499227854
1901,309,34,0.013637913399249914
1901,511,34,0.013637913399249914
1901,652,34,0.013637913399249914
1901,755,34,0.013637913399249914
1901,76,34,0.013637913399249914
1901,270,33,0.013236798299271976
1901,347,33,0.013236798299271976
1901,415,33,0.013236798299271976
1901,501,33,0.013236798299271976
1901,634,33,0.013236798299271976
1901,660,33,0.013236798299271976
1901,661,33,0.013236798299271976
1901,314,32,0.012835683199294037
1901,665,32,0.012835683199294037
1901,82,32,0.012835683199294037
1901,296,31,0.012434568099316099
1901,704,31,0.012434568099316099
1901,239,30,0.012033452999338161
1901,323,30,0.012033452999338161
1901,458,30,0.012033452999338161
1901,70,30,0.012033452999338161
1901,160,29,0.011632337899360221
1901,538,29,0.011632337899360221
1901,58,29,0.011632337899360221
1901,667,29,0.011632337899360221
1901,589,28,0.011231222799382283
1901,605,28,0.011231222799382283
1901,684,28,0.011231222799382283
1901,101,27,0.010830107699404344
1901,117,27,0.010830107699404344
1901,217,27,0.010830107699404344
1901,303,27,0.010830107699404344
1901,413,27,0.010830107699404344
1901,582,27,0.010830107699404344
1901,603,27,0.010830107699404344
1901,633,27,0.010830107699404344
1901,233,26,0.010428992599426406
1901,395,26,0.010428992599426406
1901,397,26,0.010428992599426406
1901,408,26,0.010428992599426406
1901,424,26,0.010428992599426406
1901,490,26,0.010428992599426406
1901,554,26,0.010428992599426406
1901,171,25,0.010027877499448466
1901,410,25,0.010027877499448466
1901,736,25,0.010027877499448466
1901,775,25,0.010027877499448466
1901,780,25,0.010027877499448466
1901,999,25,0.010027877499448466
1901,276,24,0.009626762399470528
1901,28,24,0.009626762399470528
1901,312,24,0.009626762399470528
1901,446,24,0.009626762399470528
1901,447,24,0.009626762399470528
1901,53,24,0.009626762399470528
1901,563,24,0.009626762399470528
1901,66,24,0.009626762399470528
1901,310,23,0.009225647299492589
1901,32,23,0.009225647299492589
1901,376,23,0.009225647299492589
1901,534,23,0.009225647299492589
1901,540,23,0.009225647299492589
1901,72,23,0.009225647299492589
1901,734,23,0.009225647299492589
1901,88,23,0.009225647299492589
1901,129,22,0.00882453219951465
1901,148,22,0.00882453219951465
1901,188,22,0.00882453219951465
1901,228,22,0.00882453219951465
1901,367,22,0.00882453219951465
1901,486,22,0.00882453219951465
1901,492,22,0.00882453219951465
1901,503,22,0.00882453219951465
1901,586,22,0.00882453219951465
1901,78,22,0.00882453219951465
1901,10,21,0.008423417099536711
1901,385,21,0.008423417099536711
1901,745,21,0.008423417099536711
1901,350,20,0.008022301999558773
1901,355,20,0.008022301999558773
1901,43,20,0.008022301999558773
1901,445,20,0.008022301999558773
1901,73,20,0.008022301999558773
1901,330,19,0.007621186899580835
1901,363,19,0.007621186899580835
1901,532,19,0.007621186899580835
1901,545,19,0.007621186899580835
1901,232,18,0.007220071799602896
1901,384,18,0.007220071799602896
1901,585,18,0.007220071799602896
1901,617,18,0.007220071799602896
1901,746,18,0.007220071799602896
1901,777,18,0.007220071799602896
1901,783,18,0.007220071799602896
1901,790,18,0.007220071799602896
1901,109,17,0.006818956699624957
1901,250,17,0.006818956699624957
1901,34,17,0.006818956699624957
1901,449,17,0.006818956699624957
1901,499,17,0.006818956699624957
1901,518,17,0.006818956699624957
1901,733,17,0.006818956699624957
1901,742,17,0.006818956699624957
1901,747,17,0.006818956699624957
1901,767,17,0.006818956699624957
1901,126,16,0.006417841599647018
1901,156,16,0.006417841599647018
1901,193,16,0.006417841599647018
1901,448,16,0.006417841599647018
1901,553,16,0.006417841599647018
1901,69,16,0.006417841599647018
1901,763,16,0.006417841599647018
1901,19,15,0.0060167264996690804
1901,208,15,0.0060167264996690804
1901,298,15,0.0060167264996690804
1901,325,15,0.0060167264996690804
1901,422,15,0.0060167264996690804
1901,471,15,0.0060167264996690804
1901,50,15,0.0060167264996690804
1901,140,14,0.005615611399691142
1901,238,14,0.005615611399691142
1901,33,14,0.005615611399691142
1901,396,14,0.005615611399691142
1901,411,14,0.005615611399691142
1901,299,13,0.005214496299713203
1901,36,13,0.005214496299713203
1901,383,13,0.005214496299713203
1901,45,13,0.005214496299713203
1901,575,13,0.005214496299713203
1901,83,13,0.005214496299713203
1901,144,12,0.004813381199735264
1901,291,12,0.004813381199735264
1901,315,12,0.004813381199735264
1901,517,12,0.004813381199735264
1901,54,12,0.004813381199735264
1901,569,12,0.004813381199735264
1901,782,12,0.004813381199735264
1901,149,11,0.004412266099757325
1901,187,11,0.004412266099757325
1901,20,11,0.004412266099757325
1901,249,11,0.004412266099757325
1901,3,11,0.004412266099757325
1901,420,11,0.004412266099757325
1901,472,11,0.004412266099757325
1901,475,11,0.004412266099757325
1901,527,11,0.004412266099757325
1901,577,11,0.004412266099757325
1901,702,11,0.004412266099757325
1901,718,11,0.004412266099757325
1901,738,11,0.004412266099757325
1901,209,10,0.004011150999779387
1901,327,10,0.004011150999779387
1901,418,10,0.004011150999779387
1901,493,10,0.004011150999779387
1901,59,10,0.004011150999779387
1901,194,9,0.003610035899801448
1901,25,9,0.003610035899801448
1901,252,9,0.003610035899801448
1901,681,9,0.003610035899801448
1901,743,9,0.003610035899801448
1901,749,9,0.003610035899801448
1901,99,9,0.003610035899801448
1901,38,8,0.003208920799823509
1901,528,8,0.003208920799823509
1901,535,8,0.003208920799823509
1901,57,8,0.003208920799823509
1901,60,8,0.003208920799823509
1901,601,8,0.003208920799823509
1901,609,8,0.003208920799823509
1901,17,7,0.002807805699845571
1901,212,7,0.002807805699845571
1901,30,7,0.002807805699845571
1901,324,7,0.002807805699845571
1901,364,7,0.002807805699845571
1901,521,7,0.002807805699845571
1901,604,7,0.002807805699845571
1901,719,7,0.002807805699845571
1901,737,7,0.002807805699845571
1901,98,7,0.002807805699845571
1901,152,6,0.002406690599867632
1901,304,6,0.002406690599867632
1901,305,6,0.002406690599867632
1901,337,6,0.002406690599867632
1901,342,6,0.002406690599867632
1901,368,6,0.002406690599867632
1901,390,6,0.002406690599867632
1901,404,6,0.002406690599867632
1901,419,6,0.002406690599867632
1901,615,6,0.002406690599867632
1901,71,6,0.002406690599867632
1901,739,6,0.002406690599867632
1901,95,6,0.002406690599867632
1901,570,5,0.0020055754998896933
1901,636,5,0.0020055754998896933
1901,675,5,0.0020055754998896933
1901,740,5,0.0020055754998896933
1901,797,5,0.0020055754998896933
1901,85,5,0.0020055754998896933
1901,161,4,0.0016044603999117546
1901,300,4,0.0016044603999117546
1901,351,4,0.0016044603999117546
1901,403,4,0.0016044603999117546
1901,431,4,0.0016044603999117546
1901,44,4,0.0016044603999117546
1901,514,4,0.0016044603999117546
1901,587,4,0.0016044603999117546
1901,645,4,0.0016044603999117546
1901,784,4,0.0016044603999117546
1901,344,3,0.001203345299933816
1901,394,3,0.001203345299933816
1901,427,3,0.001203345299933816
1901,49,3,0.001203345299933816
1901,637,3,0.001203345299933816
1901,732,3,0.001203345299933816
1901,753,3,0.001203345299933816
1901,779,3,0.001203345299933816
1901,104,2,8.022301999558773e-4
1901,107,2,8.022301999558773e-4
1901,192,2,8.022301999558773e-4
1901,195,2,8.022301999558773e-4
1901,29,2,8.022301999558773e-4
1901,48,2,8.022301999558773e-4
1901,541,2,8.022301999558773e-4
1901,7,2,8.022301999558773e-4
1901,735,2,8.022301999558773e-4
1901,760,2,8.022301999558773e-4
1901,150,1,4.0111509997793865e-4
1901,155,1,4.0111509997793865e-4
1901,174,1,4.0111509997793865e-4
1901,197,1,4.0111509997793865e-4
1901,231,1,4.0111509997793865e-4
1901,240,1,4.0111509997793865e-4
1901,328,1,4.0111509997793865e-4
1901,338,1,4.0111509997793865e-4
1901,423,1,4.0111509997793865e-4
1901,454,1,4.0111509997793865e-4
1901,600,1,4.0111509997793865e-4
1901,644,1,4.0111509997793865e-4
1901,688,1,4.0111509997793865e-4
1901,785,1,4.0111509997793865e-4
1901,786,1,4.0111509997793865e-4
1901,787,1,4.0111509997793865e-4
1911,761,29204,10.108268261615994
1911,177,17805,6.162776208672537
1911,120,12724,4.40410920972476
1911,697,9838,3.405189123331672
1911,713,8383,2.9015755662623914
1911,374,7617,2.6364429307193884
1911,724,6880,2.3813479537021656
1911,123,4677,1.6188320318989866
1911,131,4096,1.4177327352273357
1911,405,4016,1.3900426427424268
1911,555,3656,1.2654372265603366
1911,666,3486,1.2065957800299052
1911,682,3438,1.18998172453896
1911,551,3415,1.1820208229495486
1911,202,3381,1.1702525336434624
1911,711,3188,1.1034501855236196
1911,125,3173,1.0982582931826992
1911,758,2698,0.9338483690535526
1911,608,2482,0.8590851193442987
1911,606,2322,0.8037049343744808
1911,12,2320,0.8030126820623581
1911,663,2316,0.8016281774381127
1911,537,2305,0.7978207897214377
1911,105,2255,0.7805144819183696
1911,79,2199,0.7611314171789334
1911,723,2173,0.752132137121338
1911,118,2155,0.7459018663122334
1911,759,1911,0.6614470842332614
1911,409,1845,0.6386027579332115
1911,179,1821,0.6302957301877389
1911,436,1814,0.6278728470953093
1911,762,1796,0.6216425762862048
1911,628,1754,0.6071052777316276
1911,691,1627,0.5631472559118348
1911,272,1604,0.5551863543224235
1911,2,1529,0.5292268926178213
1911,560,1506,0.52126599102841
1911,722,1456,0.503959683225342
1911,235,1427,0.4939220246995625
1911,607,1417,0.4904607631389489
1911,198,1391,0.4814614830813535
1911,655,1364,0.47211607686769674
1911,133,1354,0.46865481530708314
1911,709,1339,0.4634629229661627
1911,770,1246,0.4312731904524561
1911,168,1222,0.42296616270698345
1911,756,1189,0.41154399955695853
1911,121,1149,0.39769895331450406
1911,166,1132,0.39181480866146096
1911,654,1119,0.38731516863266324
1911,464,1106,0.38281552860386553
1911,766,1103,0.3817771501356815
1911,429,1085,0.37554687932657693
1911,263,1081,0.3741623747023315
1911,61,1067,0.36931660851747244
1911,692,1056,0.36550922080079745
1911,279,966,0.33435786675527496
1911,381,956,0.33089660519466135
1911,549,920,0.3184360635764523
1911,572,890,0.3080522788946115
1911,134,885,0.3063216481143047
1911,459,881,0.30493714349005924
1911,482,880,0.3045910173339979
1911,91,856,0.2962839895885252
1911,680,848,0.2935149803400343
1911,687,823,0.28486182643850033
1911,730,821,0.28416957412637756
1911,369,818,0.2831311956581935
1911,200,816,0.2824389433460708
1911,622,799,0.2765547986930276
1911,421,763,0.26409425707481865
1911,253,758,0.2623636262945118
1911,485,755,0.26132524782632777
1911,130,749,0.25924849088995955
1911,536,747,0.25855623857783683
1911,124,740,0.25613335548540733
1911,772,740,0.25613335548540733
1911,412,714,0.24713407542781193
1911,14,710,0.2457495708035665
1911,244,709,0.24540344464750513
1911,543,706,0.24436506617932105
1911,183,702,0.24298056155507558
1911,432,691,0.23917317383840062
1911,467,666,0.23052001993686658
1911,13,658,0.2277510106883757
1911,259,650,0.2249820014398848
1911,6,650,0.2249820014398848
1911,707,642,0.22221299219139393
1911,119,594,0.20559893670044857
1911,1,592,0.20490668438832585
1911,699,592,0.20490668438832585
1911,127,591,0.2045605582322645
1911,451,582,0.20144542282771224
1911,653,580,0.20075317051558952
1911,11,576,0.19936866589134408
1911,262,576,0.19936866589134408
1911,768,576,0.19936866589134408
1911,90,568,0.1965996566428532
1911,712,567,0.19625353048679184
1911,764,565,0.1955612781746691
1911,224,554,0.19175389045799413
1911,283,552,0.1910616381458714
1911,480,539,0.18656199811707372
1911,727,536,0.18552361964888964
1911,662,534,0.18483136733676692
1911,334,524,0.18137010577615328
1911,139,517,0.17894722268372376
1911,686,517,0.17894722268372376
1911,286,505,0.17479370881098744
1911,771,505,0.17479370881098744
1911,462,495,0.1713324472503738
1911,141,489,0.16925569031400564
1911,529,486,0.16821731184582156
1911,533,480,0.1661405549094534
1911,677,477,0.16510217644126932
1911,81,458,0.15852577947610344
1911,562,455,0.15748740100791936
1911,27,454,0.157141274851858
1911,275,453,0.15679514869579664
1911,558,451,0.15610289638367392
1911,714,450,0.15575677022761256
1911,241,448,0.15506451791548984
1911,172,445,0.15402613944730575
1911,717,440,0.15229550866699895
1911,165,429,0.148488120950324
1911,519,427,0.14779586863820124
1911,382,425,0.14710361632607852
1911,414,425,0.14710361632607852
1911,116,422,0.14606523785789444
1911,111,415,0.1436423547654649
1911,117,413,0.1429501024533422
1911,548,396,0.13706595780029907
1911,453,394,0.13637370548817632
1911,685,392,0.1356814531760536
1911,531,387,0.1339508223957468
1911,773,377,0.1304895608351332
1911,137,376,0.13014343467907183
1911,715,376,0.13014343467907183
1911,571,375,0.12979730852301047
1911,708,373,0.12910505621088775
1911,93,358,0.12391316386996733
1911,428,354,0.12252865924572189
1911,196,351,0.12149028077753779
1911,484,347,0.12010577615329235
1911,765,344,0.11906739768510827
1911,113,342,0.11837514537298555
1911,443,336,0.11629838843661738
1911,498,334,0.11560613612449465
1911,638,320,0.1107603699396356
1911,643,318,0.11006811762751288
1911,579,305,0.10556847759871518
1911,37,304,0.10522235144265382
1911,592,303,0.10487622528659246
1911,114,302,0.1045300991305311
1911,167,295,0.10210721603810156
1911,216,294,0.1017610898820402
1911,547,293,0.10141496372597884
1911,329,292,0.10106883756991748
1911,750,291,0.10072271141385612
1911,561,287,0.09933820678961068
1911,265,285,0.09864595447748796
1911,706,284,0.0982998283214266
1911,103,283,0.09795370216536524
1911,158,277,0.09587694522899706
1911,112,272,0.09414631444869026
1911,546,272,0.09414631444869026
1911,204,267,0.09241568366838346
1911,219,266,0.0920695575123221
1911,461,266,0.0920695575123221
1911,80,266,0.0920695575123221
1911,593,265,0.09172343135626072
1911,287,261,0.09033892673201528
1911,452,260,0.08999280057595392
1911,542,260,0.08999280057595392
1911,695,260,0.08999280057595392
1911,278,258,0.0893005482638312
1911,489,257,0.08895442210776984
1911,185,256,0.08860829595170848
1911,290,252,0.08722379132746304
1911,725,249,0.08618541285927896
1911,370,246,0.08514703439109486
1911,348,245,0.0848009082350335
1911,106,244,0.08445478207897214
1911,294,244,0.08445478207897214
1911,254,241,0.08341640361078806
1911,425,240,0.0830702774547267
1911,516,240,0.0830702774547267
1911,438,239,0.08272415129866534
1911,698,235,0.0813396466744199
1911,526,231,0.07995514205017444
1911,509,229,0.07926288973805172
1911,360,226,0.07822451126986764
1911,260,225,0.07787838511380628
1911,313,224,0.07753225895774492
1911,87,223,0.07718613280168356
1911,8,221,0.07649388048956084
1911,184,219,0.07580162817743812
1911,89,204,0.0706097358365177
1911,474,203,0.07026360968045633
1911,372,199,0.0688791050562109
1911,613,197,0.06818685274408816
1911,616,197,0.06818685274408816
1911,651,197,0.06818685274408816
1911,457,196,0.0678407265880268
1911,365,195,0.06749460043196544
1911,788,195,0.06749460043196544
1911,363,191,0.06611009580772
1911,242,189,0.06541784349559727
1911,456,188,0.06507171733953591
1911,791,186,0.0643794650274132
1911,437,184,0.06368721271529047
1911,478,184,0.06368721271529047
1911,487,181,0.06264883424710639
1911,398,180,0.062302708091045024
1911,170,179,0.061956581934983664
1911,470,178,0.0616104557789223
1911,775,177,0.06126432962286094
1911,154,176,0.06091820346679958
1911,246,176,0.06091820346679958
1911,776,174,0.060225951154676854
1911,550,172,0.059533698842554134
1911,657,171,0.05918757268649277
1911,473,170,0.05884144653043141
1911,625,170,0.05884144653043141
1911,181,169,0.05849532037437005
1911,266,168,0.05814919421830869
1911,599,168,0.05814919421830869
1911,42,167,0.057803068062247324
1911,35,164,0.05676468959406324
1911,308,163,0.05641856343800188
1911,173,162,0.05607243728194052
1911,4,160,0.0553801849698178
1911,506,159,0.05503405881375644
1911,352,158,0.054687932657695074
1911,64,157,0.05434180650163371
1911,640,155,0.05364955418951099
1911,659,154,0.05330342803344963
1911,267,153,0.05295730187738827
1911,318,153,0.05295730187738827
1911,289,152,0.05261117572132691
1911,97,151,0.05226504956526555
1911,556,149,0.05157279725314282
1911,47,148,0.05122667109708146
1911,716,148,0.05122667109708146
1911,574,147,0.0508805449410201
1911,135,143,0.04949604031677466
1911,302,143,0.04949604031677466
1911,378,143,0.04949604031677466
1911,440,143,0.04949604031677466
1911,122,142,0.0491499141607133
1911,136,139,0.04811153569252921
1911,319,139,0.04811153569252921
1911,162,138,0.04776540953646785
1911,465,138,0.04776540953646785
1911,565,138,0.04776540953646785
1911,110,136,0.04707315722434513
1911,84,136,0.04707315722434513
1911,566,135,0.04672703106828377
1911,769,135,0.04672703106828377
1911,199,134,0.04638090491222241
1911,544,133,0.04603477875616105
1911,596,133,0.04603477875616105
1911,557,132,0.04568865260009968
1911,552,131,0.04534252644403832
1911,146,130,0.04499640028797696
1911,214,129,0.0446502741319156
1911,274,129,0.0446502741319156
1911,340,128,0.04430414797585424
1911,441,126,0.04361189566373152
1911,774,125,0.04326576950767016
1911,142,124,0.04291964335160879
1911,444,121,0.04188126488342471
1911,502,121,0.04188126488342471
1911,530,120,0.04153513872736335
1911,646,118,0.04084288641524063
1911,656,118,0.04084288641524063
1911,67,118,0.04084288641524063
1911,726,117,0.04049676025917927
1911,230,114,0.03945838179099518
1911,539,114,0.03945838179099518
1911,435,112,0.03876612947887246
1911,744,112,0.03876612947887246
1911,280,111,0.0384200033228111
1911,426,111,0.0384200033228111
1911,399,110,0.03807387716674974
1911,507,110,0.03807387716674974
1911,512,110,0.03807387716674974
1911,469,109,0.03772775101068838
1911,630,109,0.03772775101068838
1911,668,109,0.03772775101068838
1911,479,108,0.03738162485462702
1911,285,107,0.03703549869856565
1911,568,105,0.03634324638644293
1911,710,105,0.03634324638644293
1911,721,105,0.03634324638644293
1911,631,104,0.03599712023038157
1911,694,103,0.03565099407432021
1911,77,103,0.03565099407432021
1911,51,102,0.03530486791825885
1911,102,101,0.03495874176219749
1911,481,101,0.03495874176219749
1911,693,101,0.03495874176219749
1911,108,100,0.03461261560613613
1911,55,100,0.03461261560613613
1911,62,99,0.034266489450074766
1911,164,98,0.0339203632940134
1911,559,98,0.0339203632940134
1911,75,98,0.0339203632940134
1911,450,95,0.03288198482582932
1911,658,95,0.03288198482582932
1911,15,94,0.03253585866976796
1911,277,94,0.03253585866976796
1911,331,94,0.03253585866976796
1911,751,94,0.03253585866976796
1911,163,93,0.0321897325137066
1911,674,93,0.0321897325137066
1911,999,93,0.0321897325137066
1911,483,91,0.031497480201583876
1911,52,91,0.031497480201583876
1911,627,91,0.031497480201583876
1911,728,91,0.031497480201583876
1911,439,90,0.031151354045522512
1911,247,89,0.03080522788946115
1911,618,89,0.03080522788946115
1911,690,89,0.03080522788946115
1911,175,88,0.03045910173339979
1911,243,88,0.03045910173339979
1911,94,88,0.03045910173339979
1911,345,87,0.030112975577338427
1911,389,87,0.030112975577338427
1911,620,87,0.030112975577338427
1911,676,87,0.030112975577338427
1911,284,86,0.029766849421277067
1911,292,86,0.029766849421277067
1911,65,86,0.029766849421277067
1911,366,85,0.029420723265215706
1911,500,85,0.029420723265215706
1911,515,83,0.028728470953092982
1911,258,82,0.02838234479703162
1911,53,82,0.02838234479703162
1911,796,82,0.02838234479703162
1911,157,81,0.02803621864097026
1911,180,81,0.02803621864097026
1911,207,81,0.02803621864097026
1911,269,81,0.02803621864097026
1911,301,81,0.02803621864097026
1911,434,81,0.02803621864097026
1911,683,81,0.02803621864097026
1911,689,81,0.02803621864097026
1911,5,80,0.0276900924849089
1911,211,79,0.027343966328847537
1911,295,79,0.027343966328847537
1911,496,79,0.027343966328847537
1911,652,79,0.027343966328847537
1911,9,79,0.027343966328847537
1911,100,78,0.026997840172786176
1911,583,78,0.026997840172786176
1911,525,77,0.026651714016724816
1911,597,77,0.026651714016724816
1911,611,77,0.026651714016724816
1911,205,76,0.026305587860663456
1911,248,75,0.025959461704602095
1911,306,75,0.025959461704602095
1911,455,75,0.025959461704602095
1911,488,75,0.025959461704602095
1911,510,75,0.025959461704602095
1911,703,75,0.025959461704602095
1911,190,74,0.02561333554854073
1911,362,74,0.02561333554854073
1911,63,73,0.02526720939247937
1911,647,73,0.02526720939247937
1911,229,72,0.02492108323641801
1911,520,72,0.02492108323641801
1911,225,70,0.024228830924295286
1911,226,70,0.024228830924295286
1911,650,69,0.023882704768233926
1911,364,68,0.023536578612172565
1911,380,68,0.023536578612172565
1911,696,68,0.023536578612172565
1911,16,67,0.023190452456111205
1911,182,67,0.023190452456111205
1911,264,67,0.023190452456111205
1911,379,67,0.023190452456111205
1911,442,64,0.02215207398792712
1911,679,64,0.02215207398792712
1911,789,64,0.02215207398792712
1911,257,63,0.02180594783186576
1911,407,63,0.02180594783186576
1911,476,63,0.02180594783186576
1911,387,62,0.021459821675804396
1911,778,62,0.021459821675804396
1911,40,61,0.021113695519743035
1911,41,61,0.021113695519743035
1911,780,60,0.020767569363681675
1911,169,59,0.020421443207620314
1911,576,59,0.020421443207620314
1911,635,59,0.020421443207620314
1911,433,58,0.020075317051558954
1911,115,57,0.01972919089549759
1911,128,57,0.01972919089549759
1911,159,57,0.01972919089549759
1911,201,57,0.01972919089549759
1911,39,57,0.01972919089549759
1911,392,57,0.01972919089549759
1911,400,57,0.01972919089549759
1911,46,57,0.01972919089549759
1911,497,57,0.01972919089549759
1911,508,57,0.01972919089549759
1911,24,56,0.01938306473943623
1911,293,56,0.01938306473943623
1911,317,55,0.01903693858337487
1911,203,54,0.01869081242731351
1911,22,54,0.01869081242731351
1911,463,54,0.01869081242731351
1911,522,53,0.018344686271252145
1911,632,53,0.018344686271252145
1911,417,52,0.017998560115190784
1911,354,51,0.017652433959129424
1911,505,51,0.017652433959129424
1911,731,51,0.017652433959129424
1911,316,50,0.017306307803068063
1911,321,50,0.017306307803068063
1911,143,49,0.0169601816470067
1911,588,49,0.0169601816470067
1911,594,49,0.0169601816470067
1911,612,49,0.0169601816470067
1911,147,47,0.01626792933488398
1911,245,47,0.01626792933488398
1911,56,47,0.01626792933488398
1911,76,47,0.01626792933488398
1911,281,46,0.015921803178822618
1911,311,46,0.015921803178822618
1911,326,46,0.015921803178822618
1911,359,46,0.015921803178822618
1911,393,46,0.015921803178822618
1911,73,46,0.015921803178822618
1911,357,45,0.015575677022761256
1911,623,45,0.015575677022761256
1911,140,44,0.015229550866699896
1911,591,44,0.015229550866699896
1911,781,44,0.015229550866699896
1911,178,43,0.014883424710638533
1911,339,43,0.014883424710638533
1911,580,43,0.014883424710638533
1911,610,43,0.014883424710638533
1911,619,43,0.014883424710638533
1911,782,43,0.014883424710638533
1911,20,42,0.014537298554577173
1911,276,42,0.014537298554577173
1911,584,42,0.014537298554577173
1911,145,41,0.01419117239851581
1911,268,41,0.01419117239851581
1911,624,41,0.01419117239851581
1911,648,41,0.01419117239851581
1911,667,41,0.01419117239851581
1911,720,41,0.01419117239851581
1911,138,40,0.01384504624245445
1911,160,40,0.01384504624245445
1911,297,40,0.01384504624245445
1911,367,40,0.01384504624245445
1911,578,40,0.01384504624245445
1911,595,40,0.01384504624245445
1911,661,40,0.01384504624245445
1911,673,40,0.01384504624245445
1911,78,40,0.01384504624245445
1911,377,39,0.013498920086393088
1911,669,39,0.013498920086393088
1911,395,38,0.013152793930331728
1911,586,38,0.013152793930331728
1911,333,37,0.012806667774270366
1911,386,37,0.012806667774270366
1911,633,37,0.012806667774270366
1911,700,37,0.012806667774270366
1911,19,36,0.012460541618209005
1911,491,36,0.012460541618209005
1911,649,36,0.012460541618209005
1911,153,35,0.012114415462147643
1911,282,35,0.012114415462147643
1911,298,35,0.012114415462147643
1911,148,34,0.011768289306086283
1911,336,34,0.011768289306086283
1911,34,34,0.011768289306086283
1911,468,34,0.011768289306086283
1911,524,34,0.011768289306086283
1911,58,34,0.011768289306086283
1911,797,34,0.011768289306086283
1911,270,33,0.01142216315002492
1911,307,33,0.01142216315002492
1911,447,32,0.01107603699396356
1911,501,32,0.01107603699396356
1911,684,32,0.01107603699396356
1911,227,31,0.010729910837902198
1911,237,31,0.010729910837902198
1911,255,31,0.010729910837902198
1911,28,31,0.010729910837902198
1911,471,31,0.010729910837902198
1911,494,31,0.010729910837902198
1911,511,31,0.010729910837902198
1911,554,31,0.010729910837902198
1911,598,31,0.010729910837902198
1911,678,31,0.010729910837902198
1911,171,30,0.010383784681840837
1911,206,30,0.010383784681840837
1911,401,30,0.010383784681840837
1911,664,30,0.010383784681840837
1911,670,30,0.010383784681840837
1911,671,30,0.010383784681840837
1911,220,29,0.010037658525779477
1911,349,29,0.010037658525779477
1911,356,29,0.010037658525779477
1911,660,29,0.010037658525779477
1911,88,29,0.010037658525779477
1911,416,28,0.009691532369718115
1911,538,28,0.009691532369718115
1911,553,28,0.009691532369718115
1911,634,28,0.009691532369718115
1911,736,28,0.009691532369718115
1911,126,27,0.009345406213656754
1911,152,27,0.009345406213656754
1911,261,27,0.009345406213656754
1911,271,27,0.009345406213656754
1911,273,27,0.009345406213656754
1911,343,27,0.009345406213656754
1911,388,27,0.009345406213656754
1911,45,27,0.009345406213656754
1911,458,27,0.009345406213656754
1911,60,27,0.009345406213656754
1911,701,27,0.009345406213656754
1911,385,26,0.008999280057595392
1911,59,26,0.008999280057595392
1911,603,26,0.008999280057595392
1911,251,25,0.008653153901534032
1911,303,25,0.008653153901534032
1911,397,25,0.008653153901534032
1911,466,25,0.008653153901534032
1911,323,24,0.00830702774547267
1911,499,24,0.00830702774547267
1911,626,24,0.00830702774547267
1911,704,24,0.00830702774547267
1911,82,24,0.00830702774547267
1911,98,24,0.00830702774547267
1911,741,23,0.007960901589411309
1911,795,23,0.007960901589411309
1911,83,23,0.007960901589411309
1911,186,22,0.007614775433349948
1911,210,22,0.007614775433349948
1911,368,22,0.007614775433349948
1911,563,22,0.007614775433349948
1911,777,22,0.007614775433349948
1911,129,21,0.0072686492772885865
1911,347,21,0.0072686492772885865
1911,383,21,0.0072686492772885865
1911,503,21,0.0072686492772885865
1911,564,21,0.0072686492772885865
1911,573,21,0.0072686492772885865
1911,605,21,0.0072686492772885865
1911,737,21,0.0072686492772885865
1911,188,20,0.006922523121227225
1911,208,20,0.006922523121227225
1911,43,20,0.006922523121227225
1911,532,20,0.006922523121227225
1911,641,20,0.006922523121227225
1911,66,20,0.006922523121227225
1911,72,20,0.006922523121227225
1911,767,20,0.006922523121227225
1911,144,19,0.006576396965165864
1911,194,19,0.006576396965165864
1911,221,19,0.006576396965165864
1911,233,19,0.006576396965165864
1911,252,19,0.006576396965165864
1911,310,19,0.006576396965165864
1911,315,19,0.006576396965165864
1911,617,19,0.006576396965165864
1911,681,19,0.006576396965165864
1911,745,19,0.006576396965165864
1911,755,19,0.006576396965165864
1911,757,19,0.006576396965165864
1911,358,18,0.006230270809104503
1911,477,18,0.006230270809104503
1911,581,18,0.006230270809104503
1911,132,17,0.005884144653043141
1911,376,17,0.005884144653043141
1911,411,17,0.005884144653043141
1911,490,17,0.005884144653043141
1911,528,17,0.005884144653043141
1911,535,17,0.005884144653043141
1911,149,16,0.00553801849698178
1911,193,16,0.00553801849698178
1911,239,16,0.00553801849698178
1911,25,16,0.00553801849698178
1911,291,16,0.00553801849698178
1911,296,16,0.00553801849698178
1911,314,16,0.00553801849698178
1911,32,16,0.00553801849698178
1911,424,16,0.00553801849698178
1911,70,16,0.00553801849698178
1911,109,15,0.005191892340920419
1911,232,15,0.005191892340920419
1911,309,15,0.005191892340920419
1911,384,15,0.005191892340920419
1911,448,15,0.005191892340920419
1911,585,15,0.005191892340920419
1911,719,15,0.005191892340920419
1911,734,15,0.005191892340920419
1911,783,15,0.005191892340920419
1911,85,15,0.005191892340920419
1911,330,14,0.004845766184859057
1911,396,14,0.004845766184859057
1911,410,14,0.004845766184859057
1911,614,14,0.004845766184859057
1911,733,14,0.004845766184859057
1911,794,14,0.004845766184859057
1911,151,13,0.004499640028797696
1911,209,13,0.004499640028797696
1911,249,13,0.004499640028797696
1911,250,13,0.004499640028797696
1911,300,13,0.004499640028797696
1911,325,13,0.004499640028797696
1911,415,13,0.004499640028797696
1911,430,13,0.004499640028797696
1911,54,13,0.004499640028797696
1911,747,13,0.004499640028797696
1911,101,12,0.004153513872736335
1911,187,12,0.004153513872736335
1911,228,12,0.004153513872736335
1911,420,12,0.004153513872736335
1911,475,12,0.004153513872736335
1911,492,12,0.004153513872736335
1911,545,12,0.004153513872736335
1911,569,12,0.004153513872736335
1911,702,12,0.004153513872736335
1911,718,12,0.004153513872736335
1911,10,11,0.003807387716674974
1911,17,11,0.003807387716674974
1911,312,11,0.003807387716674974
1911,390,11,0.003807387716674974
1911,44,11,0.003807387716674974
1911,446,11,0.003807387716674974
1911,49,11,0.003807387716674974
1911,50,11,0.003807387716674974
1911,540,11,0.003807387716674974
1911,582,11,0.003807387716674974
1911,753,11,0.003807387716674974
1911,763,11,0.003807387716674974
1911,784,11,0.003807387716674974
1911,192,10,0.0034612615606136126
1911,30,10,0.0034612615606136126
1911,36,10,0.0034612615606136126
1911,449,10,0.0034612615606136126
1911,486,10,0.0034612615606136126
1911,518,10,0.0034612615606136126
1911,527,10,0.0034612615606136126
1911,57,10,0.0034612615606136126
1911,589,10,0.0034612615606136126
1911,665,10,0.0034612615606136126
1911,69,10,0.0034612615606136126
1911,749,10,0.0034612615606136126
1911,779,10,0.0034612615606136126
1911,790,10,0.0034612615606136126
1911,99,10,0.0034612615606136126
1911,174,9,0.0031151354045522513
1911,299,9,0.0031151354045522513
1911,324,9,0.0031151354045522513
1911,355,9,0.0031151354045522513
1911,493,9,0.0031151354045522513
1911,517,9,0.0031151354045522513
1911,601,9,0.0031151354045522513
1911,604,9,0.0031151354045522513
1911,217,8,0.00276900924849089
1911,33,8,0.00276900924849089
1911,403,8,0.00276900924849089
1911,419,8,0.00276900924849089
1911,521,8,0.00276900924849089
1911,602,8,0.00276900924849089
1911,738,8,0.00276900924849089
1911,3,7,0.0024228830924295287
1911,350,7,0.0024228830924295287
1911,38,7,0.0024228830924295287
1911,423,7,0.0024228830924295287
1911,534,7,0.0024228830924295287
1911,742,7,0.0024228830924295287
1911,746,7,0.0024228830924295287
1911,785,7,0.0024228830924295287
1911,787,7,0.0024228830924295287
1911,327,6,0.0020767569363681674
1911,422,6,0.0020767569363681674
1911,577,6,0.0020767569363681674
1911,161,5,0.0017306307803068063
1911,337,5,0.0017306307803068063
1911,408,5,0.0017306307803068063
1911,413,5,0.0017306307803068063
1911,427,5,0.0017306307803068063
1911,472,5,0.0017306307803068063
1911,636,5,0.0017306307803068063
1911,156,4,0.001384504624245445
1911,238,4,0.001384504624245445
1911,404,4,0.001384504624245445
1911,418,4,0.001384504624245445
1911,541,4,0.001384504624245445
1911,637,4,0.001384504624245445
1911,644,4,0.001384504624245445
1911,645,4,0.001384504624245445
1911,732,4,0.001384504624245445
1911,735,4,0.001384504624245445
1911,104,3,0.0010383784681840837
1911,18,3,0.0010383784681840837
1911,305,3,0.0010383784681840837
1911,338,3,0.0010383784681840837
1911,344,3,0.0010383784681840837
1911,394,3,0.0010383784681840837
1911,48,3,0.0010383784681840837
1911,514,3,0.0010383784681840837
1911,587,3,0.0010383784681840837
1911,739,3,0.0010383784681840837
1911,743,3,0.0010383784681840837
1911,95,3,0.0010383784681840837
1911,195,2,6.922523121227225e-4
1911,197,2,6.922523121227225e-4
1911,21,2,6.922523121227225e-4
1911,212,2,6.922523121227225e-4
1911,222,2,6.922523121227225e-4
1911,342,2,6.922523121227225e-4
1911,351,2,6.922523121227225e-4
1911,570,2,6.922523121227225e-4
1911,575,2,6.922523121227225e-4
1911,609,2,6.922523121227225e-4
1911,615,2,6.922523121227225e-4
1911,675,2,6.922523121227225e-4
1911,740,2,6.922523121227225e-4
1911,155,1,3.4612615606136125e-4
1911,320,1,3.4612615606136125e-4
1911,431,1,3.4612615606136125e-4
1911,445,1,3.4612615606136125e-4
1911,454,1,3.4612615606136125e-4
1911,513,1,3.4612615606136125e-4
1911,600,1,3.4612615606136125e-4
1911,639,1,3.4612615606136125e-4
1911,71,1,3.4612615606136125e-4
1911,754,1,3.4612615606136125e-4
1911,760,1,3.4612615606136125e-4
1911,786,1,3.4612615606136125e-4
1911,86,1,3.4612615606136125e-4
